Batsmen,id
G Gambhir,0
SP Narine,1
RV Uthappa,2
MK Pandey,3
YK Pathan,4
SA Yadav,5
C de Grandhomme,6
CR Woakes,7
NM Coulter-Nile,8
Kuldeep Yadav,9
UT Yadav,10
CH Gayle,11
V Kohli,12
Mandeep Singh,13
AB de Villiers,14
KM Jadhav,15
STR Binny,16
S Badree,17
P Negi,18
TS Mills,19
S Aravind,20
YS Chahal,21
Iman-ul-Haq,22
Qalandar Khan,23
Mohammad Rizlan,24
Tamoor Sajjad,25
Nouman Sarwar,26
Kamran Khan (2),27
Mohammed Awais,28
Zaheer Ibrahim,29
Usman Waheed,30
Mohammed Irfan,31
Aamir Javed,32
Mohammad Amin,33
Ali Zaheer,34
Adnan Idrees,35
Mohammed Ghulam,36
Imran Ali,37
Haroon Shahid,38
Abdullah Ghulam,39
Fiaz Ahmad,40
AM Rahane,41
RA Tripathi,42
SPD Smith,43
MS Dhoni,44
BA Stokes,45
MK Tiwary,46
DT Christian,47
Washington Sundar,48
PA Patel,49
JC Buttler,50
N Rana,51
RG Sharma,52
KV Sharma,53
KA Pollard,54
HH Pandya,55
Harbhajan Singh,56
JW Wells,57
PA Jaques,58
TR Birt,59
OA Shah,60
TIF Triffitt,61
MJ Johnston,62
AC Blizzard,63
M Klinger,64
AJ Crosthwaite,65
CJ Ferguson,66
CJ Borgas,67
TLW Cooper,68
J Botha,69
KW Richardson,70
AW O'Brien,71
AC Thomas,72
BB McCullum,73
ML Hayden,74
JR Hopes,75
CA Lynn,76
AW Robinson,77
PJ Forrest,78
CD Hartley,79
ND Buchanan,80
BJ Haddin,81
MJ Lumb,82
NJ Maddinson,83
MC Henriques,84
AJ Finch,85
BJ Hodge,86
Shahid Afridi,87
GJ Maxwell,88
NJ Reardon,89
Abdul Razzaq,90
AB McDonald,91
GA Manou,92
TD Cruickshank,93
UT Khawaja,94
DLR Smith,95
BR Dunk,96
JS Floros,97
LR Butterworth,98
SA Abbott,99
RJ Quiney,100
MS Wade,101
GJ Bailey,102
DJ Hussey,103
CL White,104
AC Voges,105
LJ Wright,106
JP Faulkner,107
CJ McKay,108
DA Warner,109
CA Philipson,110
DJ Harris,111
MJ Buchanan,112
AK Heal,113
DP Nannes,114
SW Tait,115
RT Ponting,116
RJG Lockyear,117
JJ Krejza,118
Naved-ul-Hasan,119
XJ Doherty,120
BW Hilfenhaus,121
B Laughlin,122
HH Gibbs,123
MJ North,124
SM Katich,125
MEK Hussey,126
PD Collingwood,127
MR Marsh,128
L Ronchi,129
GB Hogg,130
NJ Rimmington,131
MA Beer,132
MG Neser,133
RJ Harris,134
PM Nevill,135
DJ Bravo,136
DJ Thornely,137
B Lee,138
JR Hazlewood,139
MA Starc,140
SCG MacGill,141
SE Marsh,142
BJ Rohrer,143
CP Simpson,144
RE van der Merwe,145
SJ Coyte,146
FH Edwards,147
IA Moran,148
MG Hogan,149
NL McCullum,150
SNJ O'Keefe,151
BG Drew,152
DR Salpietro,153
DL Vettori,154
SM Harwood,155
TJ Armstrong,156
MR Day,157
JEC Franklin,158
NM Lyon,159
DM Bravo,160
KC Brathwaite,161
KOA Powell,162
SO Hetmyer,163
SD Hope,164
VA Singh,165
RL Chase,166
SO Dowrich,167
D Bishoo,168
JO Holder,169
AS Joseph,170
ST Gabriel,171
Azhar Ali,172
Ahmed Shehzad,173
Babar Azam,174
Younis Khan,175
Misbah-ul-Haq,176
Asad Shafiq,177
Sarfraz Ahmed,178
Mohammad Amir,179
Wahab Riaz,180
Yasir Shah,181
Mohammad Abbas,182
TM Head,183
A Choudhary,184
Ishan Kishan,185
SK Raina,186
RA Jadeja,187
SV Samson,188
KK Nair,189
SS Iyer,190
RR Pant,191
CH Morris,192
CJ Anderson,193
AR Bawne,194
SP Jackson,195
S Dhawan,196
KS Williamson,197
Yuvraj Singh,198
MJ Guptill,199
M Vohra,200
EJG Morgan,201
WP Saha,202
AR Patel,203
Anureet Singh,204
MM Sharma,205
I Sharma,206
BM Edmondson,207
JM Muirhead,208
WD Sheridan,209
MJ Cosgrove,210
JM Bird,211
Sachin Baby,212
AF Milne,213
KD Karthik,214
IK Pathan,215
AJ Tye,216
Basil Thampi,217
Ankit Soni,218
KH Pandya,219
MJ McClenaghan,220
JJ Bumrah,221
SL Malinga,222
SW Billings,223
K Rabada,224
A Mishra,225
Mohammed Shami,226
S Nadeem,227
HM Amla,228
SR Watson,229
DR Smith,230
PJ Sangwan,231
EC Joyce,232
PR Stirling,233
WTS Porterfield,234
A Balbirnie,235
NJ O'Brien,236
GC Wilson,237
KJ O'Brien,238
SR Thompson,239
GH Dockrell,240
TJ Murtagh,241
PKD Chase,242
JJ Roy,243
JE Root,244
AD Hales,245
JM Bairstow,246
Shadab Khan,247
VR Aaron,248
SN Thakur,249
NV Ojha,250
Bipul Sharma,251
Rashid Khan,252
B Kumar,253
S Kaul,254
Imran Ali Butt,255
Mohammed Sameer,256
J Chaturanga,257
Azeem ul Haq,258
GSPR Arachchige,259
Muhammad Rafeh,260
Tahir Dar,261
Muhammad Safdar,262
Junaid Aziz,263
Bilal Mansoor,264
Kumar Subba,265
T Wangchuk,266
K Norbu,267
T Jamtsho,268
S Tobgay,269
S Pradhan,270
DS Gurung,271
R Pradhan,272
K Ghalley,273
Tenzin Wangchuk jnr,274
T Singye,275
LMP Simmons,276
MN Samuels,277
PJ Cummins,278
Z Khan,279
V Shankar,280
AU Rashid,281
DJ Willey,282
BJ McCarthy,283
Swapnil Singh,284
R Tewatia,285
M Mupachikwa,286
L Tshuma,287
CS Mugeri,288
M Musonda,289
P Mujaji,290
SM Mayers,291
P Marange,292
J Nkomo,293
T Granger,294
N Mutasa,295
N Sibanda,296
L Lee,297
L Wolvaardt,298
T Chetty,299
M du Preez,300
MV Waldron,301
L Paul,302
L Delany,303
GH Lewis,304
SM Kavanagh,305
J Gray,306
LC Boylan,307
Rachel Delaney,308
L Maritz,309
A Beggs,310
DB Sharma,311
PG Raut,312
CR Brathwaite,313
M Kapp,314
S Luus,315
N de Klerk,316
S Ismail,317
M Klaas,318
M Daniels,319
R Ntozakhe,320
MR Meshram,321
M Raj,322
H Kaur,323
AJ Kenealy,324
AC Mushangwe,325
Tamim Iqbal,326
Soumya Sarkar,327
Sabbir Rahman,328
Mushfiqur Rahim,329
Shakib Al Hasan,330
Mahmudullah,331
P Kumar,332
MM Patel,333
SS Tiwary,334
AT Rayudu,335
TA Boult,336
R Stokell,337
L Little,338
V Krishnamurthy,339
TWM Latham,340
GH Worker,341
LRPL Taylor,342
NT Broom,343
JDS Neesham,344
C Munro,345
SC Kuggeleijn,346
MJ Santner,347
Simi Singh,348
Vishnu Vinod,349
Shan Masood,350
Hasan Ali,351
A Steyn,352
CJ Jordan,353
IR Jaggi,354
Mosaddek Hossain,355
Mehedi Hasan Miraz,356
Mashrafe Mortaza,357
Mustafizur Rahman,358
PP Chawla,359
AS Rajpoot,360
CL Tryon,361
S Pandey,362
J Goswami,363
E Bisht,364
S Verma,365
RS Gayakwad,366
E Mbofana,367
CA Young,368
MG Johnson,369
A Khaka,370
MM Ali,371
Q de Kock,372
F du Plessis,373
JP Duminy,374
DA Miller,375
WD Parnell,376
AL Phehlukwayo,377
F Behardien,378
TS Roland-Jones,379
JT Ball,380
ST Finn,381
MJ Henry,382
JS Patel,383
Imrul Kayes,384
N Dickwella,385
WU Tharanga,386
BKG Mendis,387
LD Chandimal,388
CK Kapugedera,389
MDKJ Perera,390
DAS Gunaratne,391
S Prasanna,392
RAS Lakmal,393
N Pradeep,394
Usman Ghani,395
Gulbadin Naib,396
Asghar Stanikzai,397
Samiullah Shenwari,398
Karim Janat,399
Mohammad Nabi,400
Shafiqullah,401
Najibullah Zadran,402
Amir Hamza,403
Shapoor Zadran,404
CAK Walton,405
E Lewis,406
JN Mohammed,407
R Powell,408
Noor Ali Zadran,409
Dawlat Zadran,410
Mohammad Hafeez,411
Shoaib Malik,412
Imad Wasim,413
Rubel Hossain,414
LE Plunkett,415
MA Wood,416
TG Southee,417
Javed Ahmadi,418
Fakhar Zaman,419
MD Gunathilaka,420
AD Mathews,421
A Zampa,422
M Morkel,423
Imran Tahir,424
Rahmat Shah,425
Afsar Zazai,426
JL Carter,427
AR Nurse,428
ML Cummins,429
DM de Silva,430
NLTC Perera,431
Fahim Ashraf,432
Taskin Ahmed,433
R Ashwin,434
MH Cross,435
KJ Coetzer,436
CS MacLeod,437
RD Berrington,438
CD Wallace,439
PL Mommsen,440
CD de Lange,441
SJ Baard,442
LP van der Westhuizen,443
CG Williams,444
MG Erasmus,445
JN Frylinck,446
C Viljoen,447
SF Burger,448
ZE Green,449
JJ Smit,450
Z Groenewald,451
BM Scholtz,452
SM Sharif,453
MRJ Watt,454
AC Evans,455
CB Sole,456
MA Leask,457
SF Mire,458
H Masakadza,459
CR Ervine,460
SC Williams,461
Sikandar Raza,462
RP Burl,463
MN Waller,464
PJ Moor,465
AG Cremer,466
TL Chatara,467
R Ngarava,468
JH Davey,469
JT Smuts,470
RR Hendricks,471
M Mosehle,472
D Paterson,473
LS Livingstone,474
LA Dawson,475
MDN Hansika,476
PRCS Kumarihami,477
AC Jayangani,478
LE Kaushalya,479
MADD Surangika,480
HASD Siriwardene,481
PM Weerakkody,482
SS Weerakkody,483
KDU Prabodhani,484
I Ranaweera,485
HHC Gunaratne,486
SW Bates,487
RH Priest,488
AE Satterthwaite,489
DJ Malan,490
TK Curran,491
S Mandhana,492
TT Beaumont,493
SJ Taylor,494
HC Knight,495
NR Sciver,496
FC Wilson,497
DN Wyatt,498
KH Brunt,499
JL Gunn,500
A Shrubsole,501
D Hazell,502
A Hartley,503
Ayesha Zafar,504
Nahida Khan,505
Javeria Khan,506
Bismah Maroof,507
Nain Abidi,508
Kainat Imtiaz,509
Asmavia Iqbal,510
Sana Mir,511
Sidra Nawaz,512
D van Niekerk,513
HK Matthews,514
F Walters,515
CN Nation,516
SR Taylor,517
DJS Dottin,518
MR Aguilleira,519
SF Daley,520
A Mohammed,521
ASS Fletcher,522
SC Selman,523
SS Connell,524
BL Mooney,525
NE Bolton,526
MM Lanning,527
EA Perry,528
Kyshona A Knight,529
GWHM Perera,530
LD Madushanka,531
H Madavi,532
OU Ranasinghe,533
KADA Kanchana,534
L Winfield,535
KJ Martin,536
SFM Devine,537
KT Perkins,538
AM Peterson,539
EM Bermingham,540
LMM Tahuhu,541
AC Kerr,542
HR Huddleston,543
EJ Villani,544
AJ Blackwell,545
M Joshi,546
Poonam Yadav,547
Iram Javed,548
Nashra Sandhu,549
Diana Baig,550
Sadia Yousuf,551
R Boyce,552
Q Joseph,553
KA Hope,554
KOK Williams,555
DT Tiripano,556
Kycia A Knight,557
AK Peters,558
RL Haynes,559
AJ Healy,560
JL Jonassen,561
A Gardner,562
SE Aley,563
Marina Iqbal,564
TK Musakanda,565
CT Mumba,566
AN Cook,567
KK Jennings,568
GS Ballance,569
SCJ Broad,570
JM Anderson,571
D Elgar,572
HG Kuhn,573
T Bavuma,574
TB de Bruyn,575
VD Philander,576
KA Maharaj,577
PWH de Silva,578
KMDN Kulasekara,579
A Dananjaya,580
PVD Chameera,581
LA Marsh,582
LM Kasperek,583
ML Schutt,584
KM Beams,585
ML Green,586
HM Rowe,587
DJM Short,588
K Gowtham,589
BCJ Cutting,590
M Markande,591
DJ Hooda,592
Sandeep Sharma,593
B Stanlake,594
KL Rahul,595
MA Agarwal,596
MP Stoinis,597
Mujeeb Ur Rahman,598
SN Khan,599
AD Russell,600
Shubman Gill,601
Shivam Mavi,602
M Vijay,603
Mohammed Siraj,604
S Gopal,605
DS Kulkarni,606
H Klaasen,607
JD Unadkat,608
RK Bhui,609
JC Archer,610
BB Sran,611
PP Shaw,612
MK Lomror,613
RK Singh,614
M Ashwin,615
DR Shorey,616
AD Nath,617
M Prasidh Krishna,618
HV Patel,619
P Chopra,620
JPR Scantlebury-Searles,621
Abhishek Sharma,622
IS Sodhi,623
DL Chahar,624
SP Goswami,625
S Dube,626
NA Saini,627
CA Ingram,628
KMA Paul,629
Rasikh Salam,630
N Pooran,631
NS Naik,632
GH Vihari,633
P Ray Barman,634
SM Curran,635
GC Viljoen,636
Avesh Khan,637
S Lamichhane,638
RD Chahar,639
HF Gurney,640
SD Lad,641
R Parag,642
JL Denly,643
KK Ahmed,644
AJ Turner,645
DP Hughes,646
KR Patterson,647
RJ Gibson,648
AJ Nair,649
JJ Peirson,650
SD Heazlett,651
JA Burns,652
AI Ross,653
MT Steketee,654
JK Lalor,655
KP Pietersen,656
EP Gulbis,657
AJ Doolan,658
BR McDermott,659
CJ Boyce,660
MS Harris,661
AT Carey,662
J Weatherald,663
JS Lehmann,664
JR Dean,665
CJ Green,666
Fawad Ahmed,667
AL Fekete,668
DR Sams,669
WG Bosisto,670
JR Philippe,671
HWR Cartwright,672
M Labuschagne,673
B Doggett,674
AC Agar,675
JP Inglis,676
PSP Handscomb,677
JW Hastings,678
JC Silk,679
BJ Dwarshuis,680
JD Wildermuth,681
TP Ludeman,682
JA Richardson,683
CA Rose,684
TS Rogers,685
PM Siddle,686
CJ Gannon,687
MJ Swepson,688
GS Sandhu,689
TH David,690
S Milenko,691
JS Paris,692
SE Gotch,693
CT Bancroft,694
MW Short,695
BJ Webster,696
JM Holland,697
JM Vince,698
JS Lenton,699
SM Whiteman,700
CP Tremain,701
TT Bresnan,702
DJ Worrall,703
MT Renshaw,704
TD Paine,705
M Kelly,706
M Bryant,707
JL Pattinson,708
JP Behrendorff,709
Usman Qadir,710
SB Harper,711
W Sutherland,712
JJS Sangha,713
TJ Dean,714
NCR Larkin,715
J Edwards,716
KR Smith,717
C Valente,718
JD Cook,719
N McAndrew,720
SL Rainbird,721
L Pope,722
GA West,723
MW Harvey,724
Usman Shinwari,725
J Avendano,726
J Merlo,727
HJ Nielsen,728
SM Boland,729
L Bowe,730
AP Devcich,731
LN O'Connor,732
JM Mennie,733
JR Doran,734
TL O'Connell,735
BAD Manenti,736
AM Hardie,737
CP Jewell,738
JA Prestwidge,739
NR Hobson,740
M Gilkes,741
BJ Holt,742
CD Hinchliffe,743
SP Terry,744
Harpreet Brar,745
SE Rutherford,746
Y Prithvi Raj,747
KC Cariappa,748
Gurkeerat Singh,749
P Simran Singh,750
J Suchith,751
AK Markram,752
HE van der Dussen,753
D Pretorius,754
L Ngidi,755
L Tucker,756
MR Adair,757
WB Rankin,758
J Little,759
BT Foakes,760
Imam-ul-Haq,761
Haris Sohail,762
HDRL Thirimanne,763
FDM Karunaratne,764
BMAJ Mendis,765
I Udana,766
Mohammad Shahzad,767
Hazratullah,768
Hashmatullah Shahidi,769
Hamid Hassan,770
Mohammad Mithun,771
Asif Ali,772
Mohammad Saifuddin,773
LH Ferguson,774
SS Cottrell,775
O Thomas,776
Ikram Alikhil,777
Aftab Alam,778
AE Jones,779
KL Cross,780
S Ecclestone,781
SA Campbelle,782
SACA King,783
CA Henry,784
B Cooper,785
KJ Garth,786
Shaheen Shah Afridi,787
TAM Siriwardana,788
Liton Das,789
NY McLean,790
K Ramharack,791
F Baleri,792
R Bakum,793
S Ateak,794
SL Perera,795
DNA Ankrah,796
JH Mensah,797
M Aboagye,798
IKO Aboagye,799
DK Anefie,800
N Davin,801
AS Wright,802
MWR Stokes,803
J Butler,804
DR Hooper,805
LJ Barker,806
LB Ferbrache,807
TCR Kimber,808
LC Le Tissier,809
ACF Stokes,810
TCW Veillard,811
W Peatfield,812
D Weston,813
Mudassar Muhammad,814
VB Chikkannaiah,815
CAJ Meschede,816
V Ganesan,817
H Singh,818
Amir Mangal,819
ND Laegsgaard,820
HAM Shah,821
T Bharaj,822
Delawar Khan,823
Anique Uddin,824
Rizwan Mahmood,825
OD Hald,826
Zishan Shah,827
Raza Iqbal,828
E Ul Haq,829
Walid Ghauri,830
Ansar Iqbal,831
Tafseer Ali,832
Hayatullah Niazi,833
Khizer Ahmed,834
Abdullah Sheikh,835
S Waqas Ahmed,836
Junaid Sheikh,837
P Bhart,838
NJ Ferraby,839
BDH Stevens,840
C Bisson,841
JW Jenner,842
DG Blampied,843
AW Hawkins-Kay,844
B Ward,845
JE Dunford,846
CW Perchard,847
EJB Miles,848
WJR Robertson,849
Abdul Hashim,850
SA Ahmad,851
J Jojo,852
BBJL Perera,853
Manpreet Singh,854
NA Maiolo,855
GP Meade,856
MJ Ross,857
Anam Mollik,858
Rakibul Hasan,859
GRD Munasinghe,860
Baljit Singh,861
Charanjeet Singh,862
S Arachchige,863
M Samake,864
R Cisse,865
O Sow,866
A Kone,867
M Coulibaly,868
N Traore,869
T Konate,870
A Sangare,871
B Coulibaly,872
Y Sangare,873
S Kagnassy,874
A Uwimbabazi,875
J Nyirankundineza,876
WIA Fernando,877
KAJ Roach,878
P Agnihotri,879
Nazakat Ali,880
Abdul-Shakoor Rahimzei,881
MJ Richardson,882
Asad Mohammad,883
Sahir Naqash,884
R Pillai,885
Izatullah Dawlatzai,886
Javed Maroofkhail,887
OE Newey,888
J Sumerauer,889
Rehman Abdul,890
Jaspreet Singh,891
A Bulow,892
A Sarma,893
JL Martel,894
Omar Hayat,895
Bashir Shah,896
Simranjit Singh,897
SW Ambris,898
FA Allen,899
HM Nicholls,900
Sayed Shirzad,901
DM Kimmince,902
BRM Taylor,903
R Mutumbami,904
KM Jarvis,905
CB Mpofu,906
JA McCollum,907
Umar Adam,908
Ahmed Hassan,909
Mohamed Rishwan,910
MNR Cooray,911
Shafraz Jaleel,912
Hassan Rasheed,913
WJ Malinda,914
Ameel Mauroof,915
DF Jacobs,916
Md Shafiqul Haque,917
HJ Jordaan,918
N Pathan,919
Z Hoque,920
Anowarul Islam,921
S Hongsi,922
SJ Bryce,923
KE Bryce,924
RS Glen,925
RK Willis,926
PA Chatterji,927
RV Scholes,928
L Jack,929
K McGill,930
CM Scott,931
JE Ronalds,932
ST Frohnmayer,933
K Vijayaraghavan,934
AM Healey,935
CM Gough,936
PA Wadenpohl,937
A Bierwisch,938
MS Beresford,939
Faheem Ashraf,940
Rahat Ali,941
TE Kane,942
G Wareham,943
S Molineux,944
GA Elwiss,945
SW Poynter,946
AR McBrine,947
J Cameron-Dow,948
Ihsanullah,949
Yamin Ahmadzai,950
Wafadar Momand,951
Waqar Salamkheil,952
TS Kamunhukamwe,953
SC Getkate,954
GJ Thompson,955
R Rohan,956
S Chandramohan,957
CR Suryawanshi,958
Janak Prakash,959
A Krishna,960
AE Paraam,961
Inam-ul-Haq,962
Faisal Javed,963
Muhammad Tanveer,964
Iqbal Hussain,965
Virandeep Singh,966
Anwar Arudin,967
Syed Aziz,968
Shafiq Sharif,969
Ahmed Faiz Mohammad Noor,970
Aminuddin Ramly,971
M Syahadat Ramli,972
S Muniandy,973
Fitri Sham,974
Anwar Rahman,975
Pavandeep Singh,976
R Sandaruwan,977
S Varathappan,978
Muhammad Kashif,979
Shiraz Khan,980
Bilal Tahir,981
MNM Aslam,982
Mohammad Ahsan,983
Ilyas Ahmed,984
NCK Liyanage,985
PS Airee,986
P Khadka,987
G Malla,988
RK Paudel,989
S Vesawkar,990
P Sarraf,991
B Bhandari,992
Karan KC,993
Sompal Kami,994
RJ Burns,995
OP Stone,996
MJ Leach,997
DS Airee,998
B Regmi,999
A Bohara,1000
Meet Bhavsar,1001
Jandu Hamoud,1002
Shafiul Islam,1003
NA Janes,1004
C Pengkumta,1005
Mohamed Mahfooz,1006
Ibrahim Hassan,1007
Taijul Islam,1008
K Suttisan,1009
SL Kalis,1010
HDJ Siegers,1011
D Hannema,1012
M Veringmeier,1013
R Rijke,1014
B de Leede,1015
J Post,1016
HWA Landheer,1017
S Haggo,1018
V Stolle,1019
MD Shanaka,1020
GSNFG Jayasuriya,1021
Anamul Haque,1022
JD Campbell,1023
M McColl,1024
IJR Zwilling,1025
M Faheem,1026
TP Visee,1027
MP O'Dowd,1028
BN Cooper,1029
W Barresi,1030
Saqib Zulfiqar,1031
PM Seelaar,1032
SA Edwards,1033
FJ Klaassen,1034
E Chigumbura,1035
D Busingye,1036
P Alako,1037
R Musamali,1038
E Iloku,1039
S Nampiina,1040
G Obukor,1041
JM Apio,1042
C Anayo,1043
V Iriho,1044
S Uwera,1045
G Ishimwe,1046
DI Dusabemungu,1047
H Ishimwe,1048
MD Bimenyimana,1049
C Uwamahoro,1050
A Ikuzwe,1051
M Vumiliya,1052
FO Kibasu,1053
M Pascal,1054
Hudaa Mohamedi,1055
NJ Pius,1056
PZ Mamunya,1057
TS Omary,1058
S Mtae,1059
NN Saidi,1060
SH Mohamedi,1061
W Kevin,1062
NO Tindo,1063
I Nakisuuyi,1064
S Walaza,1065
S Kakai,1066
M Kagoya,1067
O Prendergast,1068
EAJ Richardson,1069
FEM Van Arkel,1070
AH Thomson,1071
AS van Beuge,1072
EN Lynch,1073
N Chantam,1074
N Chaiwai,1075
N Koncharoenkai,1076
C Sutthiruang,1077
N Boochatham,1078
U Raymond-Hoey,1079
LK Bennett,1080
EL Watson,1081
S MacMahon,1082
S Tippoch,1083
R Padunglerd,1084
O Kamchomphu,1085
L Klokgieters,1086
S Siegers,1087
H Little,1088
W Liengprasert,1089
S Laomi,1090
M Zwilling,1091
SJ Myburgh,1092
AJ Staal,1093
Sikander Zulfiqar,1094
Ashfaq Ahmed,1095
Zawar Farid,1096
Ghulam Shabber,1097
Muhammad Usman,1098
DDP D'Silva,1099
TS Braat,1100
BD Glover,1101
PRP Boissevain,1102
VJ Kingma,1103
Rohan Mustafa,1104
Rameez Shahzad,1105
Mohammad Boota,1106
Waheed Ahmed,1107
JA Raval,1108
BJ Watling,1109
WER Somerville,1110
AY Patel,1111
L Embuldeniya,1112
CBRLS Kumara,1113
TP Ura,1114
G Toka,1115
A Vala,1116
L Siaka,1117
CJA Amini,1118
S Bau,1119
K Doriga,1120
CA Soper,1121
N Vanua,1122
D Ravu,1123
Khawar Ali,1124
Jatinder Singh,1125
Aqib Ilyas,1126
Zeeshan Maqsood,1127
Mohammad Nadeem,1128
Suraj Kumar,1129
Sandeep Goud,1130
Fayyaz Butt,1131
HG Munsey,1132
TB Sole,1133
A Neill,1134
N Pokana,1135
AV Lalcheta,1136
Aamir Kaleem,1137
Khurram Nawaz,1138
Bilal Khan,1139
O Bascome,1140
KS Leverock,1141
TS Fray,1142
DMW Rawlins,1143
AC Douglas,1144
OGL Bascome,1145
MO Jones,1146
DAP Darrell,1147
JE Pitcher,1148
XM Marshall,1149
JS Malhotra,1150
Steven Ryan Taylor,1151
MD Patel,1152
Aaron Jones,1153
HR Walsh,1154
TP Allen,1155
NK Patel,1156
RA Thomas,1157
NS Dhaliwal,1158
NR Kumar,1159
Ravinderpal Singh,1160
Rizwan Cheema,1161
Hamza Tariq,1162
D Heyliger,1163
N Dutta,1164
C Hauptfleisch,1165
D Cato,1166
YSD Seneveratne,1167
OR Willis,1168
GM Strydom,1169
P Manning,1170
AF Ifill,1171
T Taylor,1172
C Wright,1173
K Birkenstock,1174
T Perera,1175
K Mothlhanka,1176
H Pragji,1177
Ameer Saiyed,1178
R Nehonde,1179
V Mbazo,1180
M Mooketsi,1181
P Silas,1182
D Kegasitswe,1183
Sidra Ameen,1184
Nida Dar,1185
Aliya Riaz,1186
T Brits,1187
S Jafta,1188
Umaima Sohail,1189
BFW de Leede,1190
CA Pujara,1191
SSJ Brooks,1192
MDK Perera,1193
H Hiri,1194
DL Brangman,1195
GH O'Brien,1196
A Gavde,1197
LHB Harrington-Myers,1198
A Morris,1199
TK Patel,1200
KR Ebanks,1201
RJ Trott,1202
Saad Bin Zafar,1203
S Sohal,1204
SN Netravalkar,1205
K Gore,1206
S Smith,1207
Z McLaughlin,1208
Abraash Khan,1209
H Thaker,1210
MR Montfort,1211
Junaid Siddiqui,1212
Jasdeep Singh,1213
DC Stovell,1214
JP Kotze,1215
HN Ya France,1216
T Lungameni,1217
D Maisuria,1218
B Khumalo,1219
L Louwrens,1220
Abid Ali,1221
Mohammad Hasnain,1222
Ahmed Wardak,1223
Z Arinaitwe,1224
HB Kayondo,1225
RG Mukasa,1226
A Otwani,1227
DM Nakrani,1228
Riazat Ali Shah,1229
D Muhumuza,1230
E Isaneez,1231
K Modise,1232
I Master,1233
V Balakrishnan,1234
JWN Moses,1235
A Rangaswamy,1236
N Master,1237
T Tshose,1238
JK Vifah,1239
KS Bagabena,1240
Ovais Yousof,1241
AJ Ayannaike,1242
I Danladi,1243
AA Onikoyi,1244
IO Okpe,1245
AM Oyede,1246
VD Adewoye,1247
CN Onwuzulike,1248
SA Okpe,1249
G Bakiweyem,1250
Z Abbasi,1251
T Phaswana,1252
DM Gondaria,1253
AA Obanda,1254
IA Karim,1255
CO Obuya,1256
RR Patel,1257
SO Ngoche,1258
LN Oluoch,1259
SR Bhudia,1260
R Olipa,1261
F Nsubuga,1262
C Waiswa,1263
C Raack,1264
WA Duraisingam,1265
Yusrina Yaakop,1266
Mahirah Izzati Ismail,1267
Mas Elysa,1268
Wan Julia,1269
Christina Baret,1270
Ainna Hamizah Hashim,1271
Noor Hayati Zakaria,1272
Smruthi Radhakrishnan,1273
Samantha Singham,1274
V Pasupathy,1275
GK Diviya,1276
Shafina Mahesh,1277
PSR Gurusinghe,1278
Roshni Ramesh,1279
R Butler,1280
C Overton,1281
SK Chandhrasekar,1282
EH Rendler,1283
S Sriharsha,1284
S Bhaskar,1285
NT Gruny,1286
OT Wallerson,1287
S Ramautar,1288
M Patel,1289
A Perera,1290
M Khokhar,1291
KN Mirchandani,1292
Saniyah Zia,1293
Mahewish Khan,1294
C Martin,1295
Hala Azmat,1296
Hiba Shamshad,1297
Kainat Qazi,1298
Maliha Baig,1299
C Atkins,1300
U Iftikhar,1301
G Kodali,1302
V Ateak,1303
CM Akachukwu,1304
TL Seifert,1305
DJ Mitchell,1306
JN Hamilton,1307
RRS Cornwall,1308
J Blackwood,1309
TC Bruce,1310
HD Rutherford,1311
TD Astle,1312
SHA Rance,1313
OS Oyronke,1314
K Abdulquadri,1315
F Eseigbe,1316
B Etim,1317
S Sunday,1318
S Agazuma,1319
S Ingabire,1320
D Mukarurangwa,1321
Sanjida Islam,1322
Ayasha Rahman,1323
Nigar Sultana,1324
Ritu Moni,1325
Fargana Hoque,1326
Shaila Sharmin,1327
Fahima Khatun,1328
Jahanara Alam,1329
Salma Khatun,1330
Nahida Akter,1331
S Jimmy,1332
N Vare,1333
K Oala,1334
T Ruma,1335
B Tau,1336
V Frank,1337
R Oa,1338
Adri van der Merwe,1339
KA Green,1340
SA Wittmann,1341
MP Enright,1342
Yasmeen Khan,1343
I van Zyl,1344
JA Diergaardt,1345
D Foerster,1346
W Mwatile,1347
SN Shihepo,1348
V Hamunyela,1349
K Arua,1350
L Ramjit,1351
AG Rao,1352
C Beckford,1353
S Farooq,1354
Murshida Khatun,1355
V Araa,1356
Reehana Khan,1357
I Toua,1358
N Ila,1359
C de Lange,1360
Ibrahim Zadran,1361
Qais Ahmad,1362
Zahir Khan,1363
Shadman Islam,1364
Mominul Haque,1365
Nayeem Hasan,1366
T Maruma,1367
CT Mutombodzi,1368
Afif Hossain,1369
Rahmanullah Gurbaz,1370
Najeeb Tarakai,1371
RW Chakabva,1372
N Madziva,1373
Nazmul Hossain Shanto,1374
A Ndlovu,1375
Fazal Niazai,1376
A Kitayama,1377
Erika Oda,1378
M Kanno,1379
A Kanada,1380
M Yanagida,1381
S Miyaji,1382
R Endo,1383
A Kano,1384
R Kanai,1385
Su Jin Kim,1386
Mina Baek,1387
Seri Chang,1388
Seungmin Song,1389
Jiyeon Park,1390
Haliam Kwon,1391
Hyejin Park,1392
Kang Choi,1393
Bella Poon,1394
Y Daswani,1395
YS To,1396
KY Chan,1397
M Hill,1398
Shanzeen Shahzad,1399
Sun Meng Yao,1400
Zhang Mei,1401
Zhang Chan,1402
C Zhou,1403
Huang Zhuo,1404
F Song,1405
Han Lili,1406
L Jie,1407
Wu Juan,1408
LI Haoye,1409
M Yousaf,1410
Ruchitha Venkatesh,1411
Hiu Ying Cheung,1412
Chan Ka Man,1413
M Wai Siu,1414
M Shiraishi,1415
N Tokizawa,1416
RR Seth,1417
Vathana Sreemurugavel,1418
H Dhavina,1419
Shafia Hassan,1420
SK Sonpethkar,1421
SS Grimmond,1422
S Gajnabi,1423
S Snater,1424
C Floyd,1425
EH Hutchinson,1426
J Theron,1427
J Kila,1428
A Nao,1429
Javeria Rauf,1430
B Nwobodo,1431
H Ayoka,1432
F Fyneface,1433
A Obulor,1434
G Ephraim,1435
M Desmond,1436
T Abdulquadri,1437
A Ndiraya,1438
M Short,1439
BYA Mendis,1440
MAA Sanjeewani,1441
H Karunaratne,1442
NND de Silva,1443
SIP Fernando,1444
EA Burns,1445
NJ Carey,1446
WGAKK Kulasuriya,1447
H Graham,1448
BMSM Kumari,1449
DL Piedt,1450
S Muthusamy,1451
PBB Rajapaksa,1452
BOP Fernando,1453
PADLR Sandakan,1454
CAK Rajitha,1455
A Nortje,1456
Zubayr Hamza,1457
GF Linde,1458
Sinae Kim,1459
Hee Jung Lee,1460
Jiyeon Park (2),1461
WK Lai,1462
CN Ackermann,1463
GJ Delany,1464
HT Tector,1465
Ahsan Abbasi,1466
Nizakat Khan,1467
Shahid Wasif,1468
KD Shah,1469
Waqas Barkat,1470
A Bhagwat,1471
Ehsan Khan,1472
Raag Kapur,1473
Aarif Sheikh,1474
PA van Meekeren,1475
SS McKechnie,1476
Haroon Arshad,1477
Nasrulla Rana,1478
Mohammad Ghazanfar,1479
K Christie,1480
I Pandey,1481
S Jora,1482
LN Rajbanshi,1483
S Bhari,1484
Naseem Khushi,1485
Shafali Verma,1486
JI Rodrigues,1487
P Vastrakar,1488
RP Yadav,1489
T Bhatia,1490
N Shangase,1491
TS Sekhukhune,1492
N Mlaba,1493
L Goodall,1494
A Reddy,1495
AA Patil,1496
Iftikhar Ahmed,1497
S Samarawickrama,1498
AK Perera,1499
M Bhanuka,1500
Umar Akmal,1501
SK Atai,1502
R Hekure,1503
Aritra Dutta,1504
NMS Param,1505
Sidhant Singh,1506
OJ Hairs,1507
Aizaz Khan,1508
Simandeep Singh,1509
RN ten Doeschate,1510
JS Kundi,1511
NM Odhiambo,1512
E Otieno,1513
Chirag Suri,1514
Junaid Siddique (2),1515
Sultan Ahmed (2),1516
Zahoor Khan,1517
Ahmed Raza,1518
JJ Tucker,1519
H Carlyon,1520
NA Greenwood,1521
D Ajekun,1522
JO Adedeji,1523
Sulaimon Runsewe,1524
DC Delany,1525
NR Kirton,1526
RN Patel,1527
D Gim,1528
V Baskaran,1529
S Vijayakumar,1530
Amjad Mahboob,1531
AAhan Achar,1532
R Gaznavi,1533
AR Gandhi,1534
T van der Gugten,1535
JOA Gordon,1536
OO Bascome,1537
Avi Dixit,1538
SA Wijeratne,1539
GDR Eranga,1540
U Aryaman Sunil,1541
EB Ringera,1542
P Kerai,1543
Gershon Yusuf,1544
Kaleemullah,1545
PS Punia,1546
Vikramjit Singh,1547
Norwira Zazmie,1548
Suharril Fetri,1549
Muhammad Hafiz,1550
JS Henriksen,1551
Zameer Khan,1552
FA Klokker,1553
Saqlain Arshad,1554
Khurram Shahzad,1555
Gayan Munaweera,1556
Mohammed Nadeem,1557
A Mutreja,1558
J Rasu,1559
C Tommy,1560
SA Deitz,1561
PK Matautaava,1562
A Mansale,1563
N Nipiko,1564
R Tari,1565
JW Chilia,1566
SH Obed,1567
AL Stephen,1568
W Nalisa,1569
D Mogan,1570
Nazril Rahman,1571
Dharmang Patel,1572
Musawar Shah,1573
J Vira,1574
ZK Shem,1575
Owais Ahmed,1576
Rashid Ahad,1577
C Pervez,1578
Tariq Aziz,1579
Zohaib Sarwar,1580
Aamer Ikram,1581
Arslan Ahmed,1582
Mian Mehmood,1583
P Buccimazza,1584
Najjam Shahzad,1585
F Stoman,1586
Imran Khan (4),1587
Farzan Afzal,1588
PD Hennessy,1589
Yasir Ali,1590
R Panchal,1591
BA Pai,1592
CJ Delany,1593
E Packard,1594
MO Bacarese,1595
JD Freyone,1596
MG Hunter,1597
K Nestor,1598
LA Collado,1599
N Advani,1600
JA Fitzgerald,1601
MD Garratt,1602
A Orfila,1603
C Munoz-Mills,1604
Atif Mehmood,1605
Kuldeep Lal,1606
Awais Ahmed,1607
Tauqeer Hussain,1608
S Singh,1609
Kushal Malla,1610
BB Chari,1611
T Munyonga,1612
Mohamed Arief,1613
Zubaidi Zulkifle,1614
Muhammad Wafiq,1615
Ainool Haqqiem,1616
W Viraliliu,1617
Ainool Hafizs,1618
Syazrul Idrus,1619
T Langa,1620
A Bosch,1621
Shamima Sultana,1622
Rumana Ahmed,1623
Lata Mondal,1624
BM Duckett,1625
RA Reifer,1626
JJ Atkinson,1627
Anshuman Rath,1628
Babar Hayat,1629
Tanwir Afzal,1630
J Subramanyan,1631
H Patel,1632
R Gunasekera,1633
BS Adhihetty,1634
Ali Khan,1635
Fatima Sana,1636
Aiman Anwer,1637
O Mondlane,1638
R Haiong,1639
M Matine,1640
C Murrombe,1641
P Cuinica,1642
F Guirrugo,1643
J Sainda,1644
C Magaia,1645
I Chuma,1646
O Matsolo,1647
M Mwangi,1648
V Abuga,1649
S Juma,1650
SW Kinyua,1651
M Ngoche,1652
E Wachira,1653
V Ooko,1654
M Ochieng,1655
D Njoroge,1656
M Ndhambi,1657
E Waithaka,1658
R Ntono,1659
NK Bagenda,1660
F Najjumba,1661
M King,1662
M Sankoh,1663
Aminata Kamara,1664
L Bull,1665
Adama Kamara,1666
AM Kamara,1667
Z Kamara,1668
I Koroma,1669
J Kowa,1670
M Sheriff,1671
F Bangur,1672
E Moiane,1673
A Salomao,1674
A Igbobie,1675
J Mbabazi,1676
C Aweko,1677
K Awino,1678
HM Omary,1679
GL Mushi,1680
ZK Finkili,1681
N Squire,1682
A Chilia,1683
V Langiatu,1684
R Andrew,1685
S Solman,1686
N Navaika,1687
L Tastuki,1688
JC Sokomanu,1689
M Carlot,1690
MV Fare,1691
M Tarimiala,1692
V Mansale,1693
Eri Iko,1694
Y Anggraeni,1695
K Winda Prastini,1696
T Wigradianti,1697
NPAN Sakarini,1698
Yuliana,1699
P Haryanti,1700
NKF Rada Rani,1701
NMP Suwandewi,1702
M Vuruna,1703
I Waqavakatoga,1704
S Lomani,1705
M Vua,1706
R Muriyalo,1707
W Ofamoli,1708
S Lote,1709
L Samani,1710
M Tilau,1711
A Tagilala,1712
L Vua,1713
V Tari,1714
M Mete,1715
RSM Lili'i,1716
LA Bourne,1717
LS Mulivai,1718
FLV Pula,1719
K Taniguchi,1720
K Nanno,1721
L Rika,1722
AAIP Bastari,1723
LO Telea,1724
KML Nonu,1725
T Iosefo,1726
T Lafai,1727
Mohammad Rizwan,1728
Mohammad Naim,1729
L Gregory,1730
S Mahmood,1731
PR Brown,1732
T Banton,1733
Naveen-ul-Haq,1734
Mehran Khan,1735
B Shikongo,1736
AA Alleyne,1737
Kamran Akmal,1738
DJG Sammy,1739
Sharjeel Khan,1740
RR Rossouw,1741
Mohammad Nawaz (3),1742
Hasan Khan,1743
Anwar Ali,1744
GD Elliott,1745
Sohail Tanvir,1746
Bilawal Bhatti,1747
Mohammad Irfan (4),1748
Mohammad Sami,1749
Shahzaib Hasan,1750
KC Sangakkara,1751
RS Bopara,1752
Sohail Khan,1753
Sohaib Maqsood,1754
Usama Mir,1755
Imran Khalid,1756
CS Delport,1757
Saad Nasim,1758
Junaid Khan,1759
Rafatullah Mohmand,1760
Amad Butt,1761
Aamer Yamin,1762
Ghulam Mudassar,1763
Hussain Talat,1764
DPMD Jayawardene,1765
Zulfiqar Babar,1766
Umar Gul,1767
Usman Khan,1768
Rumman Raees,1769
Mohammad Irfan,1770
Khushdil Shah,1771
MN van Wyk,1772
SM Ervine,1773
RR Emrit,1774
Hammad Azam,1775
Khurram Manzoor,1776
Umar Amin,1777
Hassan Khan,1778
Sohail Akhtar,1779
Raza Hasan,1780
SR Patel,1781
Gulraiz Sadaf,1782
Saif Badar,1783
Sahibzada Farhan,1784
Ibtisam Sheikh,1785
Umaid Asif,1786
Mohammad Asghar,1787
D Ramdin,1788
Agha Salman,1789
Khalid Usman,1790
Salman Irshad,1791
Rameez Raja (2),1792
ADS Fletcher,1793
MH Wessels,1794
RA Whiteley,1795
D Wiese,1796
Zafar Gohar,1797
Sameen Gul,1798
T Kohler-Cadmore,1799
Mir Hamza,1800
Mukhtar Ahmed,1801
Aminul Islam Biplob,1802
Abu Jayed,1803
Ebadat Hossain,1804
BM Tickner,1805
H Silver-holmes,1806
M Darke,1807
NE Stalenberg,1808
P Litchfield,1809
HJ Darlington,1810
RM Farrell,1811
L Griffith,1812
SL Bates,1813
CJ Koski,1814
C Webb,1815
JE Cameron,1816
JE Dooley,1817
M Brown,1818
TM McGrath,1819
BE Patterson,1820
KM Mack,1821
S Daffara,1822
EG Fazackerley,1823
CL Hall,1824
EJ Inglis,1825
EA Osborne,1826
A Sutherland,1827
T Flintoff,1828
NM Hancock,1829
CL Rafferty,1830
KL Short,1831
GM Harris,1832
SJ Johnson,1833
M Hinkley,1834
L Harris,1835
LG Smith,1836
J Hicks,1837
S Campbell,1838
G Prestwidge,1839
G Redmayne,1840
A Wellington,1841
TJ McPharlin,1842
ML Gibson,1843
N Faltum,1844
M Penna,1845
HL Ferling,1846
C Piparo,1847
JL Barsby,1848
P Cleary,1849
T Peschel,1850
TJ Vlaeminck,1851
B Vakarewa,1852
C Leeson,1853
M Strano,1854
M Phillips,1855
T Wilson,1856
R Trenaman,1857
EJ Smith,1858
A King,1859
BA King,1860
Fareed Ahmad,1861
R Shepherd,1862
Sharafuddin Ashraf,1863
SKW Wood,1864
GP Smith,1865
SJ Mullaney,1866
CMW Read,1867
BA Hutton,1868
IR Bell,1869
SR Hain,1870
LJ Evans,1871
DKH Mitchell,1872
JM Clarke,1873
BL D'Oliveira,1874
OB Cox,1875
J Leach,1876
MD Stoneman,1877
P Mustard,1878
G Clark,1879
RD Pringle,1880
P Coughlin,1881
SG Borthwick,1882
ML Pettini,1883
TJ Wells,1884
RE Levi,1885
AM Rossington,1886
JJ Cobb,1887
SP Crook,1888
AG Wakely,1889
JG Myburgh,1890
J Allenby,1891
PD Trego,1892
RC Davies,1893
J Overton,1894
JC Hildreth,1895
Yasir Arafat,1896
DJ Bell-Drummond,1897
SA Northeast,1898
DI Stevens,1899
SM Davies,1900
Azhar Mahmood,1901
MW Pillans,1902
JE Burke,1903
JD Ryder,1904
T Westley,1905
DW Lawrence,1906
Ashar Zaidi,1907
JS Foster,1908
GR Napier,1909
MW Dixon,1910
MR Quinn,1911
CD Nash,1912
PD Salt,1913
BC Brown,1914
MW Machan,1915
Craig Cachopa,1916
WAT Beer,1917
HJH Marshall,1918
IA Cockbain,1919
TC Smith,1920
AN Petersen,1921
KR Brown,1922
SJ Croft,1923
AL Davies,1924
AM Lilley,1925
N Wagner,1926
WJ Durston,1927
ZS Ansari,1928
GJ Batty,1929
DL Lloyd,1930
JA Rudolph,1931
AHT Donald,1932
NRT Gubbins,1933
JA Simpson,1934
RF Higgins,1935
MA Carberry,1936
JHK Adams,1937
AJA Wheater,1938
R McLaren,1939
WR Smith,1940
GM Andrew,1941
TL Best,1942
CF Hughes,1943
WL Madsen,1944
AL Hughes,1945
SJ Thakor,1946
T Poynton,1947
RK Kleinveldt,1948
RI Keogh,1949
GG White,1950
SD Parry,1951
BA Raine,1952
LJ Hill,1953
NJ Dexter,1954
A Lyth,1955
AZ Lees,1956
JA Leaning,1957
WMH Rhodes,1958
AJ Hodd,1959
JC Wainman,1960
BO Coad,1961
A Javid,1962
AN Kervezee,1963
CB Cooke,1964
GG Wagg,1965
DW Steyn,1966
MTC Waller,1967
HW Podmore,1968
CDJ Dent,1969
BAC Howell,1970
JMR Taylor,1971
GL van Buuren,1972
GH Roderick,1973
LJ Fletcher,1974
AJ Blake,1975
FK Cowdrey,1976
MT Coles,1977
JC Tredwell,1978
DA Griffiths,1979
U Arshad,1980
V Chopra,1981
CJ Taylor,1982
GK Berg,1983
JKH Naik,1984
BA Godleman,1985
J Clark,1986
C Rushworth,1987
LD McManus,1988
K Noema-Barnett,1989
ME Claydon,1990
HZ Finch,1991
JK Fuller,1992
NA Sowter,1993
RJ Gleeson,1994
GH Rhodes,1995
EG Barnard,1996
DP Sibley,1997
KS Velani,1998
AD Thomason,1999
R Clarke,2000
RI Newton,2001
JTA Burnham,2002
OP Rayner,2003
MJJ Critchley,2004
BD Cotton,2005
TP Alsop,2006
OJ Hannon-Dalby,2007
JE Poysden,2008
JJ Weatherley,2009
A Carter,2010
R Rampaul,2011
TJ Moores,2012
JD Shantry,2013
Azeem Rafiq,2014
J Shaw,2015
SA Patterson,2016
GJ Muchall,2017
DR Briggs,2018
A Shahzad,2019
GHS Garton,2020
PJ Horton,2021
RML Taylor,2022
RA Stevenson,2023
MS Crane,2024
IAA Thomas,2025
LA Procter,2026
NL Buck,2027
GA Edwards,2028
JW Dernbach,2029
TD Groenewald,2030
MA Wallace,2031
DA Cosker,2032
RO Gordon,2033
TP Milnes,2034
BJ Taylor,2035
TMJ Smith,2036
LC Norwell,2037
Azharullah,2038
MA Ashraf,2039
AWR Barrow,2040
LM Reece,2041
AG Salter,2042
BTJ Wheal,2043
GT Griffiths,2044
TD Rouse,2045
NLJ Browne,2046
PI Walter,2047
KHD Barker,2048
RJ Sayer,2049
CAJ Morris,2050
AJ Mellor,2051
WRS Gidman,2052
SS Eskinazi,2053
J Goodwin,2054
AJ Hose,2055
TB Abell,2056
BGF Green,2057
DM Bess,2058
ORT Sale,2059
L Wood,2060
DD Masters,2061
PJ Grieshaber,2062
MD Taylor,2063
MJ Waite,2064
BW Sanderson,2065
E Kershaw,2066
K Pierre,2067
H Deol,2068
Irfan Ahmed,2069
Skhawat Ali,2070
Ankur Sharma,2071
Haseeb Amjad,2072
Nadeem Ahmed,2073
Ehsan Nawaz,2074
Amjad Ali,2075
Salman Faris,2076
Khurram Khan,2077
SP Patil,2078
Shaiman Anwar,2079
Mohammad Shahzad (2),2080
Fayyaz Ahmed,2081
Krishna Chandran,2082
Mohammad Naveed,2083
Zeeshan Siddiqui,2084
Arif Hussain,2085
VS Wategaonkar,2086
Sultan Ahmed,2087
Amir Ali,2088
RJ Ranpura,2089
M Ansari,2090
Nasir Jamal,2091
Mirwais Ashraf,2092
JPR Lamsam,2093
SP Khakurel,2094
NB Budayair,2095
Nasir Shafiq,2096
Suhan Alagaratnam,2097
Hammadullah Khan,2098
Khizar Hayat,2099
Hassan Ghulam,2100
Shahrulnizam Yusof,2101
S Navaratnam,2102
Irfan Sajid,2103
SP Gauchan,2104
RK Pradhan,2105
HB Ralalage,2106
MD Craig,2107
Mohammad Talha,2108
Taufeeq Umar,2109
Ehsan Adil,2110
Awais Zia,2111
DG Brownlie,2112
Nasir Jamshed,2113
BM Wheeler,2114
CJL Rogers,2115
MJ Clarke,2116
JF Mooney,2117
JWA Taylor,2118
RJW Topley,2119
Nasir Hossain,2120
Ziaur Rahman,2121
Al-Amin Hossain,2122
Abdur Razzak,2123
Abdur Rehman,2124
Saeed Ajmal,2125
JK Silva,2126
KDK Vithanage,2127
KTGD Prasad,2128
HMRKB Herath,2129
TM Dilshan,2130
SMA Priyanjan,2131
Fawad Alam,2132
UWMBCA Welegedara,2133
AD de Lange,2134
CR Kumarage,2135
KB Shinde,2136
C Janik,2137
A Goenka,2138
M Dharmichand,2139
Abhiraj Singh,2140
Abid Mushtaq,2141
Hisham Mirza,2142
Mohamed Rifkas,2143
Saad Khalid,2144
Abdul Jabar,2145
Abdullah Akhunzada,2146
Faizan Ali,2147
Abdul Waheed,2148
Ibrarul Haq,2149
Hammad Saeed,2150
Shahbaz Rasheed,2151
Afzal Saleem,2152
S Chhetri,2153
SR Gurung,2154
Manoj Adhikari,2155
J Singye,2156
P Wangdi,2157
T Tshering,2158
K Penjor,2159
Mudassar Ali,2160
Abdullah Shahid,2161
Ahmed Faiz,2162
Neesham Nasir,2163
Mihusan Hamid,2164
S Saeed,2165
Ahmed Jamaal,2166
Adnan Butt,2167
Mirza Baig,2168
Adil Hanif,2169
Mirza Yaqoob,2170
Yasser Nazir,2171
Anasim Khan,2172
Yaser Sadeq,2173
Huzaifa Akram,2174
Saad Janjua,2175
S Appusamy,2176
L Yonten,2177
Ubaid Minhas,2178
Rashid Hussain,2179
Abdullah Qureshi,2180
Mohammad Abdullah,2181
Nadeem Javed,2182
Akram Aslam,2183
A Liaqat Ali,2184
M Azzam,2185
Junaid Niazi,2186
Kamran Mahmood,2187
A Khan,2188
Yasir Iqbal,2189
Aftab Ahmed (2),2190
Adnan Ilyas,2191
AM Northcote,2192
DA Marage,2193
DG Crowley,2194
A Bonora,2195
CS Sandri,2196
MG Raso,2197
V Pennazza,2198
WTN Fernando,2199
NAT Watkins,2200
PW Gough,2201
ASJ Dewhurst,2202
EJ Farley,2203
SSJ Dewhurst,2204
CJ Bodenstein,2205
TE Minty,2206
Mohammad Shukri,2207
DA Morrison,2208
Fida Hussain,2209
MGSM Fernando,2210
MR Pedersen,2211
Shehzad Ahmed,2212
RB Javed,2213
JN Duckett,2214
L di Giglio,2215
NP Rodrigo,2216
Sufyan Mehmood,2217
KD Mills,2218
HAPW Jayawardene,2219
PHT Kaushal,2220
RMS Eranga,2221
DAJ Bracewell,2222
SMSM Senanayake,2223
SHT Kandamby,2224
BAW Mendis,2225
KJ Abbott,2226
RJ Peterson,2227
Qanita Jalil,2228
Sania Khan,2229
SL Quintyne,2230
TD Smartt,2231
N M'shangwe,2232
SW Masakadza,2233
T Kamungozi,2234
APS Lakshika,2235
HAM Samuddika,2236
T Panyangara,2237
B Bezuidenhout,2238
Y Fourie,2239
NA Moodley,2240
V Sibanda,2241
J Nyumbu,2242
Shamsur Rahman,2243
Shuvagata Hom,2244
Shahadat Hossain,2245
Jubair Hossain,2246
Arafat Sunny,2247
Abul Hasan,2248
DS Smith,2249
S Chanderpaul,2250
IJL Trott,2251
JE Taylor,2252
SJ Benn,2253
V Permaul,2254
Emylia Eliani,2255
J Francis,2256
DI Chunan,2257
Rewina Mohammad,2258
Nur Aishah,2259
J Intan,2260
Fathinah Nasri,2261
Nadhirah Nasruddin,2262
K Shrestha,2263
SR Magar,2264
Nary Thapa,2265
S Magar,2266
RC Belbashi,2267
MM Chaudhary,2268
I Barma,2269
R Rawal,2270
Karuna Bhandari,2271
P Prathanmitr,2272
S Saengsakaorat,2273
Sobha Aale,2274
Jannadiah Halim,2275
Sze Wan Yip,2276
KK Gill,2277
IA Gidwani,2278
Hyeji Jeong,2279
Eunjin Lee,2280
Jeongyoon Kim,2281
Jina Lee,2282
Na An,2283
Jinseup Park,2284
Inyeong Oh,2285
Mijin Hu,2286
Ahram Jeong,2287
Yebin Ka,2288
E Kuribayashi,2289
M Yamamoto,2290
C Sakamoto,2291
S Kubota,2292
K Ota,2293
E Kobayashi,2294
A Nakayama,2295
Liu Xiaonan,2296
Yu Miao,2297
Zhao Ning,2298
HML Madushani,2299
Chan Sau Har,2300
Hung Ying Ho,2301
KLG Li,2302
Zou Miao,2303
X Ruan,2304
Wang Meng,2305
Zhou Haijie,2306
R Sangsoma,2307
Shahanaz Parvin,2308
Nuzhat Tasnia,2309
Panna Ghosh,2310
Sunghoon Cho,2311
Ilhwan Seo,2312
Daesik Sung,2313
Sangwook Lee,2314
Jiwon Choi,2315
Suin Bang,2316
Taekwan Park,2317
Hwanhee Lee,2318
Kyungsik Kim,2319
Hongki Kim,2320
Beidas Tareq,2321
Eissa Jassim,2322
Bastaki Mahmoud,2323
Bastaki Fahad,2324
Alkandari Abdulrahman,2325
Abdulrahman Dashti,2326
Alkandari Mohammad,2327
Alotaibi Mohammed,2328
Yousif Alzaid,2329
Alqallaf Mohammad,2330
Ali Bushahri,2331
Sagar Pun,2332
Jiang Shuyao,2333
Lei Sun,2334
Song Yang Yang,2335
Zhang Yufei,2336
Li Jian,2337
Zhong Wenyi,2338
H Min Jian,2339
Wang Jing,2340
Gaofeng Hu,2341
Hyobum An,2342
Zhang Peng,2343
Mohamed Azzam,2344
Muawiyath Ghanee,2345
Faruq Hakimin,2346
MS Chapman,2347
LHD Dilhara,2348
CKB Kulasekara,2349
RLB Rambukwella,2350
Soochan Park,2351
Inho Cha,2352
Karim Sadiq,2353
Mohammad Mujtaba,2354
Qaseem Khan,2355
Fazal Rahman,2356
Daljeet Singh,2357
PC de Silva,2358
M Nasim Baras,2359
T Manders,2360
C Burgess,2361
LOB Cann,2362
Fahad Babar,2363
SR Santhanam,2364
SJ Massiah,2365
A Thyagarajan,2366
AS Kyobe,2367
Naeem Bardai,2368
PM Selowa,2369
DK Arinaitwe,2370
B Masaba,2371
J Sebanja,2372
M Alam,2373
H Ssenyondo,2374
Mohamed Shoib,2375
SS Nadkarni,2376
K Ganesh,2377
Adil Bhatti,2378
JJC Lawson,2379
Muhammad Ghous,2380
D Talbot,2381
Danial Ahmed,2382
L Sematimba,2383
D Ruyange,2384
Usman Shuja,2385
JA DeSilva,2386
KE Bashir,2387
D Duraisingam,2388
Suleman,2389
S Randiv,2390
PLS Gamage,2391
CM Edwards,2392
LS Greenway,2393
RL Grundy,2394
CMA Shillington,2395
IMHC Joyce,2396
CNIM Joyce,2397
LK O'Reilly,2398
EJ Tice,2399
NRD Compton,2400
S van Zyl,2401
DJ Vilas,2402
SC Cook,2403
RP Magar,2404
A Bhattarai,2405
Anas Khan,2406
Nawroz Mangal,2407
AR Berenger,2408
Saqib Ali,2409
Sumaiya Siddiqi,2410
MGMCP Gunawardene,2411
R Chandrika,2412
HJW Gardiner,2413
RM Haq,2414
I Wardlaw,2415
AR Cusack,2416
Afzal Faiz,2417
Ahmed Ameel,2418
Hassan Ibrahim,2419
Khalid Butt,2420
Kashif Sharif,2421
Yasar Idrees,2422
Bilal Ahmed,2423
Sibtain Raza,2424
Nasir Abbasi,2425
Mohammad Afzal,2426
Babar Hussain,2427
Mohsin Shabbir,2428
Shoaib Ali,2429
Muhammad Saeed,2430
Faheem Afrad,2431
FRJ Coleman,2432
S Auma,2433
Gurdeep Singh,2434
MO Ndandason,2435
E Asoyo,2436
JO Ngoche,2437
G Snyman,2438
R van Schoor,2439
NRP Scholtz,2440
ES Szwarczynski,2441
PW Borren,2442
MJG Rippon,2443
Mudassar Bukhari,2444
Ahsan Malik,2445
AS Hansra,2446
SS Dhindsa,2447
PA Desai,2448
AL Ndhlovu,2449
P Ochan,2450
NN Odhiambo,2451
L Klazinga,2452
CF Snyman,2453
D Soraine,2454
Sohag Gazi,2455
Rony Talukdar,2456
SR Harmer,2457
Mohammad Shahid,2458
Rabiya Shah,2459
Anam Amin,2460
AP Tare,2461
CM Gautam,2462
JA Morkel,2463
V Sehwag,2464
Karanveer Singh,2465
Parvez Rasool,2466
AN Ahmed,2467
R Dhawan,2468
UBT Chand,2469
A Nehra,2470
RG More,2471
A Ashish Reddy,2472
R Vinay Kumar,2473
MS Bisla,2474
Iqbal Abdulla,2475
PV Tambe,2476
DJ Muthuswami,2477
R Bhatia,2478
Ankit Sharma,2479
BE Hendricks,2480
AM Phangiso,2481
Sami Aslam,2482
J Mubarak,2483
Imran Khan (2),2484
SS Pathirana,2485
B Fernando,2486
CK Coventry,2487
Nauman Anwar,2488
P Utseya,2489
CJ Chibhabha,2490
MR Swart,2491
MD Dai,2492
K Pala,2493
JNT Vare,2494
JB Reva,2495
WT Gavera,2496
MA Ouma,2497
Qais Farooq,2498
Abdul Shakoor,2499
Amjad Javed,2500
Mohammad Tauqir,2501
AM Guruge,2502
MJG Nielsen,2503
GA Guy,2504
MDT Kamini,2505
KE Broadmore,2506
Faizan Asif,2507
Umair Ali,2508
J Davidson,2509
AL Dodson,2510
S Vashishat,2511
MK Patel,2512
JH Patel,2513
H Shahid,2514
AK Mandal,2515
AAA Amsterdam,2516
NI Standford,2517
AW Kay,2518
RJG Palmer,2519
B Kynman,2520
L Nou,2521
Nasir Aziz,2522
S Lohani,2523
P Raho,2524
E Ochieng,2525
Naseer Jamali,2526
CW Coombe,2527
VV Morea,2528
MD du Preez,2529
Waqas Khan,2530
Sharmin Akhter,2531
S Saenya,2532
K Saesong,2533
S Lateh,2534
CC van Slobbe,2535
ELT de Lange,2536
CC Dalton,2537
V Morea,2538
N Ovasuru,2539
P Siaka,2540
FE Urquhart,2541
K Anderson,2542
EM Priddle,2543
A Aitken,2544
K Seura,2545
S Ambo,2546
H Buruka,2547
C Chatonzwa,2548
N Nyathi,2549
A Mazvishaya,2550
C Yudian,2551
T Mlilo,2552
OSM Rae,2553
KL Gordon,2554
AH Maqsood,2555
CG Steenstra Toussaint,2556
RA Lewis,2557
CJ Erkelens,2558
C Appel,2559
A Karn,2560
RI Ahmed,2561
BV Vitori,2562
J Anderson,2563
AD Poynter,2564
JA Warrican,2565
L Cheatle,2566
VR Vanitha,2567
CJ Simmons,2568
TM Beaton,2569
TL Lawford,2570
JH Kallis,2571
EJM Cowan,2572
RGL Carters,2573
DE Bollinger,2574
A Ayre,2575
MW Hill,2576
Bilal Asif,2577
Imran Khan (1),2578
MM Letsoalo,2579
D Devnarain,2580
O Kirsten,2581
C Carter,2582
Asif Iqbal (1),2583
L Sreekumar,2584
Usman Mushtaq,2585
Y Punja,2586
Raja Adeel,2587
Zaheer Maqsood,2588
JNL Wilkes-Green,2589
TJ Ravenscroft,2590
T Nightingale,2591
JC Martin,2592
JF Rika,2593
J Kida,2594
G Smith,2595
M Beitaki,2596
R Lesuma,2597
S Ravoka,2598
V Yabaki,2599
J Wesele,2600
Riyad Khan,2601
Imran Khan (3),2602
V Manakiwai,2603
RA Sealy,2604
C Palmer,2605
RD Bovell,2606
A Wright,2607
J Dunn,2608
Amad Sheikh,2609
S Iftikhar,2610
Zeeshan Shehzad Siddiqui,2611
RR Shinde,2612
PK Thangavadivel,2613
Safir Hayat,2614
Ibrahim Mughal,2615
D Crawford,2616
Kunaal Kumar,2617
S Ramjohn,2618
MC Patandin,2619
WA Haslim,2620
G Singh,2621
SA Drepaul,2622
M Boodram,2623
G Mokokwe,2624
K Motlanka,2625
W Tajbhay,2626
R Mosweu,2627
R Withey,2628
JAJ Nussbaumer,2629
W Fazakerley,2630
AK Gokoel,2631
K Jaikaran,2632
V Hirlal,2633
M Balkaran,2634
YP Dayal,2635
BB Bailey,2636
MLA Ellis,2637
Zeeshan Ali,2638
V Sarma,2639
Shehraz Khalid,2640
Jawad Mir,2641
N Unavalu,2642
S Dokosobau,2643
S Kollery,2644
OB Nightingale,2645
MF Maharoof,2646
KMC Bandara,2647
Khalid Latif,2648
MDUS Jayasundera,2649
JDF Vandersay,2650
J Charles,2651
SJ McGlashan,2652
TMM Newton,2653
LM Jongwe,2654
WP Masakadza,2655
T Muzarabani,2656
Khadija Tul Kubra,2657
TS Chisoro,2658
Aaqib Sulehri,2659
Bikram Sob,2660
Amjad Gul,2661
SRH Curtis,2662
NC Dodd,2663
D Olivier,2664
ST de Silva,2665
DS Weerakkody,2666
Maham Tariq,2667
Muneeba Ali,2668
RJ Campbell,2669
LV van Beek,2670
MC Sorensen,2671
CJ Metcalfe,2672
Muhammad Kaleem,2673
Mohammad Usman,2674
Saqlain Haider,2675
Farhan Ahmed,2676
R Rijal,2677
Fahad Tariq,2678
Qadeer Ahmed,2679
Nurul Hasan,2680
Muktar Ali,2681
Abu Hider,2682
CRD Fernando,2683
Tanveer Ahmed,2684
A Mehmood,2685
Hafiz Qaleem,2686
V Kadiresan,2687
R Altaff Hussein,2688
A Vijayan,2689
K Suresh,2690
Abhinav Raman,2691
Muhamad Makram,2692
Mohammad Nazril,2693
U Rakshit,2694
Jitin Singh,2695
AR Patwa,2696
AA Jasani,2697
K Nassoro,2698
Shaheed Dhanani,2699
A Cassim,2700
RK Kiseto,2701
KZ Rehmtullah,2702
A Kamania,2703
A Dagar,2704
N Mapunda,2705
GH Smit,2706
KN Riaz,2707
SO Olayinka,2708
AP Adegbola,2709
OJ Bejide,2710
S Adedeji,2711
OA Olympio,2712
AS Abioye,2713
A Mpeka,2714
SW Kalworai,2715
KD Kamania,2716
Azeez Salako,2717
A Hutchinson,2718
SS Khadye,2719
P Sahu,2720
R Sathish,2721
J Yadav,2722
S Kaushik,2723
ER Dwivedi,2724
SB Jakati,2725
MVT Fernando,2726
MA Aponso,2727
D Bau,2728
Mohammed Qasim,2729
Adnan Mufti,2730
Imran Haider,2731
EMDY Munaweera,2732
JRMVB Sanjaya,2733
S Khalifa,2734
HH Abdallah,2735
KN Mussa,2736
SJ Ally,2737
HA Chohan,2738
AM Kimote,2739
O Olaleye,2740
Muhammad Hashim,2741
SK Awiah,2742
PK Ananya,2743
JO Adotei,2744
J Bangura,2745
G Ngegba,2746
J Brewah,2747
I Kamara,2748
E Kamara,2749
O Compagnie-Coker,2750
L Lamin,2751
Mohamed Khan,2752
A Gbla,2753
I Komba,2754
M Mansaray,2755
M Mvula,2756
A Nsensha,2757
J Chinunga,2758
I Mwaba,2759
SA Patel,2760
Javid Patel,2761
J Zimba,2762
G Kandela,2763
T Nyirongo,2764
Gladson Kandela,2765
U Friday,2766
A Mene-Ejegi,2767
MK Anafie,2768
A Mukund,2769
AB Dinda,2770
Subashis Roy,2771
Y Jalloh,2772
B Williams,2773
K Omala,2774
AA Premji,2775
AD Kamania,2776
A Flintoff,2777
RM Duffield,2778
LA Doran,2779
NP Winter,2780
AR Keath,2781
AC McDermott,2782
JK Reed,2783
AR Beadle,2784
NM Hauritz,2785
M Muralitharan,2786
BS Dean,2787
LA Pomersbach,2788
C Kieswetter,2789
PJ Hughes,2790
MG Gale,2791
CJM Sabburg,2792
GD Putland,2793
CT Tremlett,2794
AD Mascarenhas,2795
TP Doropoulos,2796
JD Smith,2797
SB Styris,2798
LW Feldman,2799
MJ Prior,2800
SJC Keen,2801
DJ Pattinson,2802
BE Young,2803
Imran Nazir,2804
SI Galagedara,2805
SK Dolawatte,2806
HMD Rasangika,2807
CR Seneviratna,2808
SA Fritz,2809
SM Benade,2810
FL Mackay,2811
NJ Browne,2812
EC Perry,2813
SEA Ruck,2814
A Brindle,2815
Batool Fatima,2816
A Sharma,2817
N Niranjana,2818
S Naik,2819
S Sharma,2820
A Das,2821
LC Sthalekar,2822
AL Hodgkinson,2823
Y van der Westhuizen,2824
S Loubser,2825
JB Nero,2826
JM Fields,2827
LK Ebsary,2828
R Malhotra,2829
LR Doolan,2830
JL Hunter,2831
HL Colvin,2832
AB Barath,2833
KA Edwards,2834
AJ Strauss,2835
GP Swann,2836
S Shillingford,2837
AB Fudadin,2838
N Deonarine,2839
GC Smith,2840
LL Tsotsobe,2841
JL Ontong,2842
Nazimuddin,2843
Jahurul Islam,2844
SR Tendulkar,2845
Aizaz Cheema,2846
CS Baugh,2847
R Dravid,2848
VVS Laxman,2849
PP Ojha,2850
DP Hyatt,2851
A Martin,2852
A Mithun,2853
Imran Farhat,2854
Naeem Islam,2855
Alok Kapali,2856
Farhad Reza,2857
Shahriar Nafees,2858
Elias Sunny,2859
Mohammad Ashraful,2860
Adnan Akmal,2861
Nazmul Hossain,2862
Robiul Islam,2863
NE Bonner,2864
GE Mathurin,2865
G Sultana,2866
AR White,2867
DT Johnston,2868
DO Obuya,2869
DI Allan,2870
T Mishra,2871
RG Aga,2872
HA Varaiya,2873
NG Jones,2874
RD McCann,2875
Zakiullah Zaki,2876
TN de Grooth,2877
Raza-ur-Rehman,2878
HS Baidwan,2879
RA Bhatti,2880
H Osinde,2881
Zahid Hussain,2882
DF Watts,2883
R Flannigan,2884
TG Gordon,2885
Shabir Noori,2886
JH Stander,2887
S Badrinath,2888
DB Das,2889
LR Shukla,2890
SC Ganguly,2891
M Kartik,2892
AL Menaria,2893
KK Cooper,2894
AC Gilchrist,2895
PC Valthaty,2896
AM Nayar,2897
Harmeet Singh,2898
Y Venugopal Rao,2899
Y Nagar,2900
B Chipli,2901
MS Gony,2902
DB Ravi Teja,2903
R Sharma,2904
TL Suman,2905
AA Chavan,2906
A Singh,2907
SK Trivedi,2908
RR Bhatkal,2909
M Manhas,2910
P Dogra,2911
BA Bhatt,2912
AA Jhunjhunwala,2913
DJ Jacobs,2914
RP Singh,2915
M Kaif,2916
DH Yagnik,2917
N Saini,2918
V Pratap Singh,2919
BB Samantray,2920
AUK Pathan,2921
J Syed Mohammad,2922
AP Majumdar,2923
S Anirudha,2924
SD Chitnis,2925
PA Reddy,2926
MD Mishra,2927
K Upadhyay,2928
P Awana,2929
A Chandila,2930
Harpreet Singh,2931
AG Murtaza,2932
P Parameswaran,2933
Sunny Gupta,2934
RJ Nicol,2935
JDP Oram,2936
DR Flynn,2937
AM Ellis,2938
TS Nethula,2939
DC Thomas,2940
CFK van Wyk,2941
CS Martin,2942
KS Lokuarachchi,2943
Shakeel Ansar,2944
NT Paranavitana,2945
TT Samaraweera,2946
Mohammad Ayub,2947
MS Panesar,2948
SE Rowe,2949
PG Fulton,2950
BP Martin,2951
SC Kerrigan,2952
TGJ Gruijters,2953
Junaid Siddique,2954
RM Hira,2955
H Davids,2956
Tanvir Ahmed (1),2957
IG Butler,2958
RR Sarwan,2959
M Arora,2960
Shoaib Razzak,2961
CR Pedersen,2962
A Lambert,2963
HS Hansen,2964
AB Chawla,2965
L Slebsager,2966
IJ Kikasi,2967
B Mwita,2968
B Narender Reddy,2969
PVSS Raja,2970
R Madhavan,2971
Aditya Mishra,2972
OM Baker,2973
ZR Jaboneke,2974
Nik Arifin,2975
SAN Anjum,2976
BK Das,2977
S Regmi,2978
RG Corns,2979
P Baskota,2980
Taha Ahmed,2981
Azurdeen Mohammed,2982
KF Bakiweyem,2983
O Harvey,2984
A Kind-David,2985
D Smith,2986
L Natapei,2987
J Shearer,2988
NA Miyaji,2989
A Patmore,2990
D Mee,2991
M Kobayashi,2992
M Hanif Khan,2993
K Ogawa,2994
T Chino,2995
T Hagihara,2996
B Luitel,2997
T Dorji,2998
B Wakhley,2999
D Dorji,3000
DK Subba,3001
S Cotter,3002
G Clarke,3003
BF Mailata,3004
DE Burgess,3005
T Kaisala,3006
F Mulivai,3007
M Shahbaz Butt,3008
Shahid Ahmed,3009
Ali Saleem,3010
UH Sahi,3011
Babar Shahzad,3012
IC West,3013
ML Su'a,3014
T Alatasi,3015
W Mariner,3016
N Vaasili,3017
F Uegaki,3018
N Miyaji,3019
M Taniyama,3020
S Nakano,3021
N Shah,3022
Sheikh Muhammad,3023
S Muhammad,3024
JM Farmiloe,3025
A Iqbal,3026
M Krishnamoorthy,3027
S Newport,3028
A Rehman,3029
S Mehta,3030
W Shafiq,3031
F Khaliq,3032
MJ Avok,3033
K Tari,3034
LJ Poulton,3035
SA Millanta,3036
RH Candy,3037
Tazia Akhter,3038
Lily Rani Biswas,3039
Mariam Hasan,3040
Shukhtara Rahman,3041
C Brits,3042
TS Cordes,3043
Y Potgieter,3044
Usman Limbada,3045
MS Aulakh,3046
MM Iqbal,3047
D Murphy,3048
NM Carter,3049
DLS van Bunge,3050
SJ Elliott,3051
TMK Mawoyo,3052
CD Barnwell,3053
RW Price,3054
KV Jain,3055
MC Juneja,3056
KB Arun Karthik,3057
R Shukla,3058
S Sreesanth,3059
AB Agarkar,3060
L Balaji,3061
IC Pandey,3062
X Thalaivan Sargunam,3063
S Narwal,3064
UA Birla,3065
M Rawat,3066
RV Gomez,3067
JNK Shannon,3068
JW Ogle-Thomas,3069
KO Meth,3070
Enamul Haque jnr,3071
Sajedul Islam,3072
NE Farrant,3073
RA Marshall,3074
BS Bartley,3075
NC McGarrell,3076
CRM Douglas,3077
SD Outerbridge,3078
DL Hemp,3079
Jason Anderson,3080
T Gibbons,3081
RJ Robinson,3082
Ghazanfar Iqbal,3083
A Ramesh,3084
HJ Mehta,3085
HP Patrizi,3086
PA Petricola,3087
DSF Arsakulasuriya,3088
M Ndiko,3089
B Musoke,3090
RG Okia,3091
MGDCK Fernando,3092
E Schiferli,3093
NO Miller,3094
MEMO Scott-Hayward,3095
S Sivanantham,3096
D Shabbir,3097
MJ Turik,3098
J Bartholemew,3099
J White,3100
V Vithanage,3101
K Coulter,3102
S Tittlemier,3103
E Yamaguchi,3104
M Takada,3105
N Konchan,3106
HW Rambaldo,3107
T van der Gun,3108
DM Braat,3109
LN McCarthy,3110
A Suda,3111
A Burdett,3112
MT Chinouya,3113
RA Rolfe,3114
Asad Ali,3115
S Matsikenyeri,3116
T Mupariwa,3117
Kamran Shazad,3118
HS Almuzahim,3119
Mohammad Azam,3120
Pawan Kumar,3121
CJ Botma,3122
KL Tucker,3123
G Goudie,3124
SO Tikolo,3125
TM Odoyo,3126
GO Jones,3127
CN Kent,3128
Mohammad Shafiq,3129
A Bagai,3130
Munir Dar,3131
EHSN Silva,3132
JR Hansen,3133
D Daesrath,3134
T Verwey,3135
CR Amini,3136
K Kamyuka,3137
A Ziraba,3138
Imran Awan,3139
AS Dean,3140
KRS Hansen,3141
Asim Khurshid,3142
S Groenewald,3143
JK Mukhiya,3144
EJ Richardson,3145
AJ Redmond,3146
A le Breton,3147
Shathira Jakir,3148
Sultana Yesmin,3149
HK Bennett,3150
SD Robson,3151
Pankaj Singh,3152
SDNS Karunaratne,3153
RS Vandort,3154
Marshall Ayub,3155
Najeeb Amar,3156
V Shetty,3157
JM Dibble,3158
Soniya Dabir,3159
ELC Flanagan,3160
L Kumari,3161
SK Naidu,3162
K McKenna,3163
Shohely Akhter,3164
Zeeshan Siddiqi,3165
TC Bastiampillai,3166
Khurram Chohan,3167
LR Johnson,3168
KK Peters,3169
SB Odedra,3170
Fikri Rosdi,3171
AE Hall,3172
RN Roach,3173
Ronald Ebanks,3174
N Sellars,3175
IR Rotsey,3176
E Ofem,3177
EA Okwudili,3178
Ricky Sharma,3179
HG Mohammed,3180
IDA Damarell,3181
L Savident,3182
O Bryan,3183
O Olatunji,3184
O Onwuzulike,3185
SO Akolade,3186
JO Ogunlola,3187
E Kiongozi,3188
GJ McCarter,3189
YV Takawale,3190
S Rana,3191
Shivam Sharma,3192
VH Zol,3193
M de Lange,3194
VS Malik,3195
MA Vermeulen,3196
Noor-ul-Amin,3197
K Goel,3198
VRV Singh,3199
ST Jayasuriya,3200
SM Pollock,3201
MA Khote,3202
MV Boucher,3203
SB Joshi,3204
VY Mahesh,3205
TM Srivastava,3206
W Jaffer,3207
B Akhil,3208
SB Bangar,3209
DNT Zoysa,3210
D Kalyankrishna,3211
SA Asnodkar,3212
SK Warne,3213
Salman Butt,3214
SP Fleming,3215
S Vidyut,3216
LPC Silva,3217
AS Yadav,3218
WPUJC Vaas,3219
RR Raje,3220
Mohammad Asif,3221
GD McGrath,3222
Joginder Sharma,3223
M Ntini,3224
DT Patil,3225
A Kumble,3226
A Chopra,3227
T Taibu,3228
J Arunkumar,3229
U Kaul,3230
Niraj Patel,3231
D Salunkhe,3232
PM Sarvesh Kumar,3233
DP Vijaykumar,3234
Shoaib Akhtar,3235
PR Shah,3236
H Das,3237
VS Yeligati,3238
T Kohli,3239
WA Mota,3240
RR Powar,3241
Mehrab Hossain jnr,3242
Raqibul Hasan,3243
Dhiman Ghosh,3244
MG Vandort,3245
SM Warnapura,3246
T Thushara,3247
ML Udawatte,3248
Mohammad Yousuf,3249
Aftab Ahmed,3250
Bazid Khan,3251
Iftikhar Anjum,3252
Naumanullah,3253
Dolar Mahmud,3254
SR Clark,3255
G Onions,3256
SJ Harmison,3257
RJ Sidebottom,3258
ND McKenzie,3259
AG Prince,3260
Mahbubul Alam,3261
M Zondeki,3262
LE Bosman,3263
J Louw,3264
Syed Rasel,3265
PL Harris,3266
VB van Jaarsveld,3267
BE McGain,3268
I Khan,3269
NW Bracken,3270
B Geeves,3271
A Symonds,3272
JM How,3273
IE O'Brien,3274
CD Cumming,3275
BJ Diamanti,3276
BP Nash,3277
DBL Powell,3278
TR Ambrose,3279
RO Hinds,3280
LS Baker,3281
CR Foggo,3282
OL Pitcher,3283
JJ Celestine,3284
IH Romaine,3285
J Edness,3286
RR Watson,3287
NS Poonia,3288
CJO Smith,3289
AL Watkins,3290
Anjum Chopra,3291
R Dhar,3292
P Roy,3293
S Nitschke,3294
KL Rolton,3295
SC Taylor,3296
BL Morgan,3297
RWT Key,3298
DJ Reekers,3299
B Zuiderent,3300
GM Hamilton,3301
NFI McCallum,3302
GA Rogers,3303
GD Drummond,3304
JP Bray,3305
J Smits,3306
AC Botha,3307
RM West,3308
WK McCallan,3309
PD McGlashan,3310
PC Connell,3311
AA Deshpande,3312
CMG Atkins,3313
SR Waters,3314
JK Kamande,3315
PJ Ongondo,3316
KO Otieno,3317
AO Suji,3318
JAR Blain,3319
K Weeraratne,3320
Shoaib Khan jnr,3321
Rajin Saleh,3322
TG McIntosh,3323
SE Findlay,3324
EP Thompson,3325
S Chattergoon,3326
KM Dabengwa,3327
RS Morton,3328
DE Bernard,3329
EC Rainsford,3330
SJ Andrews,3331
RL Bhudia,3332
F Mutizwa,3333
SI Mahmood,3334
CK Langeveldt,3335
F de Wet,3336
Faisal Iqbal,3337
CM Wright,3338
JM Davison,3339
GEF Barnett,3340
IS Billcliff,3341
S Dhaniram,3342
S Jyoti,3343
U Bhatti,3344
JD Nel,3345
Raees Ahmadzai,3346
Hasti Gul,3347
Khaliq Dad,3348
EJCLRC Rainford-Brent,3349
NJ Shaw,3350
T Henderson,3351
Kamran Khan,3352
R Bishnoi,3353
AS Raut,3354
Yashpal Singh,3355
AA Bilakhia,3356
AN Ghosh,3357
Shoaib Ahmed,3358
KP Appanna,3359
LA Carseldine,3360
D du Preez,3361
C Nanda,3362
SS Shaikh,3363
DM Richards,3364
OJ Phillips,3365
TM Dowlin,3366
FL Reifer,3367
RA Austin,3368
RN Lewis,3369
NT Pascal,3370
GC Tonge,3371
Abdur Rauf,3372
Danish Kaneria,3373
HMCM Bandara,3374
DR Tuffey,3375
SE Bond,3376
RJMGM Rupasinghe,3377
WW Hinds,3378
G Dockrell,3379
GJ Hopkins,3380
Suhrawadi Shuvo,3381
AM Blignaut,3382
GA Lamb,3383
MH Yardy,3384
CU Jayasinghe,3385
PY Lavine,3386
CP Jack,3387
AM Samad,3388
RT Crandon,3389
A Uniyal,3390
Anirudh Singh,3391
Jaskaran Singh,3392
YA Abdulla,3393
JM Kemp,3394
S Tyagi,3395
RS Gavaskar,3396
S Ladda,3397
DR Martyn,3398
FY Fazal,3399
SJ Srivastava,3400
AP Dole,3401
RS Sodhi,3402
S Sriram,3403
B Sumanth,3404
C Madan,3405
AG Paunikar,3406
K Thomson,3407
AM Samaroo,3408
AE Smith,3409
AS Taai,3410
APC Kilowan,3411
PJ Ingram,3412
AJ McKay,3413
BJ Arnel,3414
MS Sinclair,3415
MJ Mason,3416
SL Stewart,3417
Faisal Hossain,3418
Zulqarnain Haider,3419
Yasir Hameed,3420
M Pushpakumara,3421
ZE Surkari,3422
WD Balaji Rao,3423
BP Loots,3424
BA Westdijk,3425
BP Kruger,3426
AF Buurman,3427
Adeel Raja,3428
K Whatham,3429
LJ Woodcock,3430
BJ Bess,3431
SJS Smith,3432
RT Lyons,3433
MBS Jonkman,3434
CK Hooper,3435
DR Lockhart,3436
MA Parker,3437
Noor-ul-Haq,3438
GW Flower,3439
IA Nicolson,3440
PR George,3441
TJ Heggelman,3442
MMA Jonkman,3443
A van der Merwe,3444
MK Chhetri,3445
MJ Paterlini,3446
LM Paterlini,3447
AG Dugmore,3448
T Francis,3449
GJ Savage,3450
D Forrester,3451
NM Northcote,3452
HS Jayasena,3453
P Ferguson,3454
RM Siri,3455
A Ferguson,3456
EA MacDermott,3457
DM Lord,3458
J Linton,3459
PI Best,3460
SA Mohamed,3461
P Chin,3462
KF Bazil,3463
MO Bryan,3464
CD Wright,3465
LJ Cush,3466
C Gibson,3467
AL Casime,3468
R Amiri,3469
H Ramaiya,3470
TA Kurukulasuriya,3471
RS Abeywickrama,3472
A Gordon,3473
RK Vishwakarma,3474
RA Young,3475
SJ Tsukigawa,3476
Mohammad Salman,3477
Usman Salahuddin,3478
N Tanwar,3479
DP David,3480
SN Pradhan,3481
Sunny Singh,3482
JJ van der Wath,3483
R Ninan,3484
SB Wagh,3485
I Malhotra,3486
L Ablish,3487
ND Doshi,3488
Y Gnaneswara Rao,3489
VAB Tewarie,3490
N Kruger,3491
GI Maiden,3492
TA Copeland,3493
MD Bates,3494
MR Gillespie,3495
SC Meaker,3496
C Zhuwao,3497
DO Christian,3498
MC Bascombe,3499
N Ncube,3500
M Smook,3501
T Shamsi,3502
RAJ Smith,3503
W van Vuuren,3504
C Peake,3505
DA Rankin,3506
J Mulder,3507
Tanbir Hayder,3508
Kamrul Islam Rabbi,3509
GD Phillips,3510
DP Michael,3511
HP Kingston,3512
TD Andrews,3513
WA Agar,3514
PS Masvaure,3515
Mosharraf Hossain,3516
EE Corder,3517
H Hameed,3518
Sharmin Sultana,3519
HIS Mendis,3520
KJ Ferrary,3521
K Aswani,3522
IDM Latin,3523
CJ Phillips,3524
K Mirpuri,3525
J Hazell,3526
SRM Arachichige,3527
M Hoffman,3528
E Kahamker,3529
Emanuel Solomon,3530
J Evans,3531
E Solomon,3532
Y Razpurker,3533
B Ess,3534
Sajid Liaqat,3535
Khaled Khan,3536
Kashif Hussain,3537
A McAuley,3538
OJ Webster,3539
D Kniveton,3540
P Littlejohns,3541
C Hawke,3542
AM Killey,3543
DJ Hawke,3544
S Mills,3545
K Cawte,3546
A van den Berg,3547
R Schachat,3548
S Bangera,3549
N Dokarker,3550
D Massil,3551
M Armghan Khan,3552
Nisar Ahmed,3553
NA Pratt,3554
Ankita Ved,3555
Kashish Agarwal,3556
Sasha Azmi,3557
Zumika Azmi,3558
T Sen,3559
Muhammad Abbasi,3560
Muzaffar Mujeed,3561
Shanawaz Khan,3562
Gulam Mustafa,3563
Imran Azam,3564
Roheel Shamus,3565
Waqas Akram,3566
K Kaul,3567
Abdalah Lubega,3568
Mohammed Irfan (2),3569
Faisal Javid Khan,3570
Imran Ashraf,3571
Mujeeb-ur-Rehman,3572
BA Langston,3573
MMBRSTC Wanigaratne,3574
R Tanweer,3575
DA Minors,3576
S Bremar,3577
BJ Hall,3578
GH Maybury,3579
C Outerbridge,3580
A Poulose,3581
LE Gallichan,3582
RR Timbawala,3583
W Harris,3584
DAW Hollis,3585
ZH Cheema,3586
Abdullah Syed,3587
P Nair,3588
Lu Cangcang,3589
Song Yangyang,3590
Zhang Yu Fei,3591
Wang Yu,3592
Tian Suqing,3593
Han Junhui,3594
Pu Xianliang,3595
Song Yulin,3596
Feng Yu,3597
Wang Zihao,3598
R Tsutsui,3599
J Yamashita,3600
T Ota,3601
M Thurgate,3602
W Miyauchi,3603
S Meghana,3604
M Stiller,3605
Muhammed Shanil,3606
DP Vaidya,3607
M Shehani,3608
MF Kendal,3609
H Philip,3610
M Tom,3611
Ghulam Fatima,3612
Suraiya Azmin,3613
C McAuslan,3614
ME Trescothick,3615
MP Vaughan,3616
VS Solanki,3617
JN Gillespie,3618
MS Kasprowicz,3619
CD McMillan,3620
CL Cairns,3621
AR Adams,3622
JW Wilson,3623
A Nel,3624
NJ Astle,3625
JWM Dalrymple,3626
G Chapple,3627
DI Joyce,3628
PG Gillespie,3629
D Langford-Smith,3630
PJK Mooney,3631
D Gough,3632
J Lewis,3633
Inzamam-ul-Haq,3634
RP Arnold,3635
Kabir Ali,3636
HH Dippenaar,3637
AJ Hall,3638
GJP Kruger,3639
BR Dorey,3640
MS Atapattu,3641
WCA Ganegama,3642
PDRL Perera,3643
DA Gunawardene,3644
L Vincent,3645
D Ganga,3646
IDR Bradshaw,3647
Habibul Bashar,3648
Khaled Mashud,3649
Khaled Mahmud,3650
Mohammad Rafique,3651
KHRK Fernando,3652
Javed Omar,3653
Manjural Islam Rana,3654
Tushar Imran,3655
DK Butler,3656
ID Blackwell,3657
R Telemachus,3658
ML Lewis,3659
HP Rinke,3660
T Duffin,3661
NB Mahwire,3662
RS Higgins,3663
BC Lara,3664
AJ Ireland,3665
CD Collymore,3666
DR Brown,3667
CJ Smith,3668
S Mukuddem,3669
DCC Borden,3670
KAD Hurdle,3671
RDM Leverock,3672
GB Brent,3673
TBM de Leede,3674
LP van Troost,3675
WF Stelling,3676
PA Nixon,3677
AA Mulla,3678
DR Chumney,3679
GR Codrington,3680
F Kasteni,3681
PJC Hoffmann,3682
RD Shah,3683
LN Onyango,3684
AC Cummins,3685
KT Sandher,3686
KED Carroll,3687
TV Mufambisi,3688
D Mongia,3689
MB Loye,3690
HS Modi,3691
JS Ababu,3692
ML Patel,3693
BJ Patel,3694
JAH Marshall,3695
D Mohammed,3696
ACL Richards,3697
RD Steede,3698
DES Maxwell,3699
Mohammad Kashif,3700
H Durham,3701
SKW Kelly,3702
Qaiser Ali,3703
S Thuraisingam,3704
MWA van Nierop,3705
ML Nkala,3706
ADJ Pitcher,3707
A Codrington,3708
DL Maddy,3709
CP Schofield,3710
RJ Kirtley,3711
G Wijekoon,3712
JN Snape,3713
Nadif Chowdhury,3714
MKDI Amerasinghe,3715
MJ Fourie,3716
RK Whelan,3717
UDU Chandana,3718
RO Hussain,3719
Abdul Jabbar,3720
Mohammad Iqbal,3721
AL Kandappah,3722
A Shamshudeen,3723
J Patraj,3724
BA Parchment,3725
PA Browne,3726
MD Bell,3727
PA Hitchcock,3728
MJ Hoggard,3729
GH Bodi,3730
MS Tshabalala,3731
JS Jesani,3732
AR Pitcher,3733
KC Hodsoll,3734
AS Luseno,3735
AS Jaggernauth,3736
B Casson,3737
WKD Perkins,3738
Sami Faridi,3739
HJC Mol,3740
MQ Sheikh,3741
Kamran Hussain,3742
Arshad Ali,3743
IPP Batuwitarachchi,3744
Zahid Shah,3745
Fahad Alhashmi,3746
Tabarak Dar,3747
KH Butt,3748
CK Kruger,3749
Zain Abbas,3750
Afzaal Haider,3751
N Fernandes,3752
Alawi Shukri,3753
Aman Ali,3754
Mansoor Amjad,3755
AA Noffke,3756
DS Lehmann,3757
