Bowler,id
TS Mills,0
S Aravind,1
STR Binny,2
S Badree,3
YS Chahal,4
P Negi,5
NM Coulter-Nile,6
UT Yadav,7
CR Woakes,8
C de Grandhomme,9
Imran Ali,10
Fiaz Ahmad,11
Abdullah Ghulam,12
Haroon Shahid,13
Mohammad Amin,14
Ali Zaheer,15
Adnan Idrees,16
Mohammed Awais,17
Nouman Sarwar,18
Mohammed Nadeem,19
Iqbal Hussain,20
Tamoor Sajjad,21
Iman-ul-Haq,22
MG Johnson,23
MJ McClenaghan,24
KV Sharma,25
JJ Bumrah,26
Harbhajan Singh,27
Washington Sundar,28
SN Thakur,29
JD Unadkat,30
BA Stokes,31
DT Christian,32
Imran Tahir,33
AC Thomas,34
J Botha,35
AW O'Brien,36
KW Richardson,37
BE McGain,38
XJ Doherty,39
JJ Krejza,40
RJG Lockyear,41
MJ Johnston,42
B Laughlin,43
Naved-ul-Hasan,44
B Lee,45
MA Starc,46
JR Hazlewood,47
DJ Bravo,48
SCG MacGill,49
SPD Smith,50
NM Hauritz,51
AC McDermott,52
JR Hopes,53
ND Buchanan,54
CA Lynn,55
LA Doran,56
CH Gayle,57
SJ Coyte,58
FH Edwards,59
SA Abbott,60
LR Butterworth,61
DP Nannes,62
SW Tait,63
SM Harwood,64
GJ Maxwell,65
Abdul Razzaq,66
Shahid Afridi,67
AB McDonald,68
DE Bollinger,69
JP Faulkner,70
JW Dernbach,71
CJ McKay,72
LJ Wright,73
DJ Hussey,74
SK Warne,75
AK Heal,76
NM Lyon,77
MA Beer,78
NJ Rimmington,79
MR Marsh,80
BM Edmondson,81
GB Hogg,82
PD Collingwood,83
BW Hilfenhaus,84
RJ Harris,85
MG Neser,86
DJ Thornely,87
MC Henriques,88
MJ North,89
CJ Borgas,90
CP Simpson,91
RE van der Merwe,92
MG Hogan,93
JM Bird,94
BG Drew,95
DR Salpietro,96
SNJ O'Keefe,97
NL McCullum,98
DL Vettori,99
ND Bills,100
MR Day,101
CR Swan,102
JEC Franklin,103
SP Narine,104
PP Chawla,105
Kuldeep Yadav,106
RA Tripathi,107
Mohammad Amir,108
Mohammad Abbas,109
Wahab Riaz,110
Yasir Shah,111
ST Gabriel,112
AS Joseph,113
JO Holder,114
D Bishoo,115
RL Chase,116
KC Brathwaite,117
NB Singh,118
Basil Thampi,119
AJ Tye,120
RA Jadeja,121
Ankit Soni,122
A Choudhary,123
TM Head,124
Z Khan,125
K Rabada,126
CJ Anderson,127
CH Morris,128
PJ Cummins,129
A Mishra,130
I Sharma,131
Anureet Singh,132
MM Sharma,133
AR Patel,134
KC Cariappa,135
B Kumar,136
A Nehra,137
S Kaul,138
DJ Hooda,139
Rashid Khan,140
DJ Harris,141
JM Muirhead,142
JM Herrick,143
BG McDonald,144
JK Lalor,145
IA Moran,146
AF Milne,147
DL Chahar,148
LH Ferguson,149
SL Malinga,150
KH Pandya,151
IK Pathan,152
SK Raina,153
Sandeep Sharma,154
T Natarajan,155
VR Aaron,156
Mohammed Shami,157
S Nadeem,158
YK Pathan,159
Mohammed Siraj,160
Bipul Sharma,161
HH Pandya,162
SR Watson,163
PJ Sangwan,164
DR Smith,165
J Yadav,166
Yuvraj Singh,167
DJ Willey,168
MA Wood,169
JT Ball,170
LE Plunkett,171
AU Rashid,172
JE Root,173
PKD Chase,174
TJ Murtagh,175
GH Dockrell,176
SR Thompson,177
Shadab Khan,178
Azhar Ali,179
MN Samuels,180
T Jamtsho,181
Tenzin Wangchuk jnr,182
DS Gurung,183
S Pradhan,184
Kumar Subba,185
T Singye,186
Bilal Mansoor,187
Azeem ul Haq,188
Tahir Dar,189
Babar Ali,190
Junaid Aziz,191
GSPR Arachchige,192
AS Rajpoot,193
DS Kulkarni,194
Mohammad Nabi,195
KJ O'Brien,196
BJ McCarthy,197
PR Stirling,198
MJ Henry,199
R Tewatia,200
Swapnil Singh,201
S Ismail,202
M Kapp,203
R Ntozakhe,204
M Daniels,205
J Nkomo,206
N Mutasa,207
N Sibanda,208
P Marange,209
J Goswami,210
M Joshi,211
S Pandey,212
E Bisht,213
DB Sharma,214
H Kaur,215
Rachel Delaney,216
AJ Kenealy,217
A Beggs,218
L Maritz,219
SM Kavanagh,220
GH Lewis,221
CR Brathwaite,222
Poonam Yadav,223
M Klaas,224
S Luus,225
N de Klerk,226
E Mbofana,227
M Musonda,228
T Granger,229
L Tshuma,230
AC Mushangwe,231
LC Boylan,232
A Zampa,233
P Kumar,234
MM Patel,235
TA Boult,236
TG Southee,237
R Vinay Kumar,238
L Little,239
L Paul,240
RS Gayakwad,241
SHA Rance,242
SC Kuggeleijn,243
JDS Neesham,244
C Munro,245
MJ Santner,246
IS Sodhi,247
Avesh Khan,248
HV Patel,249
Hasan Ali,250
Asad Shafiq,251
CJ Jordan,252
HK Bennett,253
Mashrafe Mortaza,254
Shakib Al Hasan,255
Mustafizur Rahman,256
Mehedi Hasan Miraz,257
Mahmudullah,258
Mosaddek Hossain,259
Rubel Hossain,260
Sunzamul Islam,261
CA Young,262
Simi Singh,263
S MacMahon,264
A Khaka,265
WD Parnell,266
AL Phehlukwayo,267
JP Duminy,268
MM Ali,269
D Pretorius,270
KA Maharaj,271
M Morkel,272
ST Finn,273
TS Roland-Jones,274
Nasir Hossain,275
JS Patel,276
Soumya Sarkar,277
Sabbir Rahman,278
JW Hastings,279
RAS Lakmal,280
N Pradeep,281
DAS Gunaratne,282
S Prasanna,283
JE Taylor,284
KOK Williams,285
Shapoor Zadran,286
Amir Hamza,287
Karim Janat,288
Samiullah Shenwari,289
Dawlat Zadran,290
Gulbadin Naib,291
Imad Wasim,292
Shoaib Malik,293
R Powell,294
Junaid Khan,295
Mohammad Hafeez,296
NLTC Perera,297
MD Gunathilaka,298
KM Jadhav,299
V Kohli,300
Taskin Ahmed,301
KS Williamson,302
R Ashwin,303
ML Cummins,304
AR Nurse,305
Fahim Ashraf,306
DM de Silva,307
Rumman Raees,308
Fakhar Zaman,309
Z Groenewald,310
SF Burger,311
JJ Smit,312
C Viljoen,313
JN Frylinck,314
BM Scholtz,315
SJ Baard,316
AC Evans,317
SM Sharif,318
CB Sole,319
MRJ Watt,320
CD de Lange,321
RD Berrington,322
T Lungameni,323
TL Chatara,324
R Ngarava,325
Sikandar Raza,326
AG Cremer,327
SC Williams,328
SF Mire,329
MA Leask,330
CB Mpofu,331
RP Burl,332
JH Davey,333
CS MacLeod,334
LA Dawson,335
MS Crane,336
JT Smuts,337
T Shamsi,338
TK Curran,339
D Paterson,340
LMM Tahuhu,341
HR Huddleston,342
SFM Devine,343
AM Peterson,344
AC Kerr,345
AE Satterthwaite,346
EM Bermingham,347
SW Bates,348
KDU Prabodhani,349
HHC Gunaratne,350
HASD Siriwardene,351
SS Weerakkody,352
I Ranaweera,353
AC Jayangani,354
PRCS Kumarihami,355
LE Kaushalya,356
JL Carter,357
A Shrubsole,358
KH Brunt,359
NR Sciver,360
D Hazell,361
JL Gunn,362
A Hartley,363
HC Knight,364
D van Niekerk,365
CL Tryon,366
Asmavia Iqbal,367
Sadia Yousuf,368
Sana Mir,369
Nashra Sandhu,370
Kainat Imtiaz,371
Bismah Maroof,372
JL Jonassen,373
ML Schutt,374
EA Perry,375
KM Beams,376
A Gardner,377
EJ Villani,378
SC Selman,379
SS Connell,380
SR Taylor,381
SF Daley,382
A Mohammed,383
DJS Dottin,384
HK Matthews,385
ASS Fletcher,386
Nahida Khan,387
MR Meshram,388
CN Nation,389
B Vakarewa,390
NE Bolton,391
DT Tiripano,392
A Dananjaya,393
MA Aponso,394
LD Madushanka,395
LA Marsh,396
KADA Kanchana,397
OU Ranasinghe,398
H Madavi,399
A Wellington,400
Diana Baig,401
Q Joseph,402
PVD Chameera,403
PADLR Sandakan,404
PWH de Silva,405
LM Kasperek,406
AK Peters,407
Marina Iqbal,408
SE Aley,409
CT Mumba,410
MN Waller,411
VD Philander,412
TB de Bruyn,413
T Bavuma,414
JM Anderson,415
SCJ Broad,416
HM Rowe,417
AM Fernando,418
KMDN Kulasekara,419
RL Haynes,420
Javeria Khan,421
K Gowtham,422
B Stanlake,423
BCJ Cutting,424
M Markande,425
K Khejroliya,426
Mujeeb Ur Rahman,427
AD Russell,428
Shivam Mavi,429
S Gopal,430
DJM Short,431
BB Sran,432
V Shankar,433
N Rana,434
JC Archer,435
MK Tiwary,436
MK Lomror,437
M Ashwin,438
L Ngidi,439
KM Asif,440
MP Stoinis,441
M Prasidh Krishna,442
Ankit Sharma,443
JPR Scantlebury-Searles,444
S Lamichhane,445
CJ Dala,446
KK Ahmed,447
NA Saini,448
S Dube,449
Rasikh Salam,450
KMA Paul,451
SM Curran,452
CV Varun,453
GC Viljoen,454
Mandeep Singh,455
P Ray Barman,456
GH Vihari,457
JP Behrendorff,458
RD Chahar,459
HF Gurney,460
S Midhun,461
R Parag,462
SN Khan,463
LS Livingstone,464
Abhishek Sharma,465
Arshdeep Singh,466
DW Steyn,467
CJ Green,468
AL Fekete,469
Fawad Ahmed,470
AJ Nair,471
DR Sams,472
SM Boland,473
EP Gulbis,474
MT Steketee,475
B Doggett,476
MJ Swepson,477
TLW Cooper,478
JD Wildermuth,479
CA Rose,480
AW Summers,481
CJ Boyce,482
CA Ingram,483
PM Siddle,484
JA Richardson,485
AC Agar,486
AJ Finch,487
M Labuschagne,488
BJ Dwarshuis,489
WER Somerville,490
TS Rogers,491
GS Sandhu,492
JA Burns,493
CJ Gannon,494
AC Voges,495
NJ Maddinson,496
L Bowe,497
MW Edwards,498
S Milenko,499
JS Paris,500
JR Coleman,501
HWR Cartwright,502
WG Bosisto,503
M Kelly,504
TT Bresnan,505
JM Holland,506
DJ Worrall,507
D Fallins,508
JL Denly,509
JS Floros,510
CP Tremain,511
KA Pollard,512
WA Agar,513
BR Dunk,514
RP Meredith,515
JM Mennie,516
LN O'Connor,517
MW Short,518
JL Pattinson,519
Usman Shinwari,520
Usman Qadir,521
SL Rainbird,522
N McAndrew,523
AJ Turner,524
L Pope,525
C Valente,526
JD Cook,527
GA West,528
JJS Sangha,529
BAD Manenti,530
JS Lehmann,531
AM Hardie,532
AP Devcich,533
MT Renshaw,534
C Green,535
TL O'Connell,536
JA Prestwidge,537
DJM Moody,538
JA Freeman,539
MP Kuhnemann,540
CD Hinchliffe,541
Qais Ahmad,542
SE Rutherford,543
Harpreet Brar,544
Y Prithvi Raj,545
O Thomas,546
AS Roy,547
S Sandeep Warrier,548
J Suchith,549
AK Markram,550
MR Adair,551
J Little,552
WB Rankin,553
SS Cottrell,554
I Udana,555
BMAJ Mendis,556
Hamid Hassan,557
Mohammad Saifuddin,558
Aftab Alam,559
Rahmat Shah,560
KAJ Roach,561
SACA King,562
CA Henry,563
KL Cross,564
S Ecclestone,565
C Raack,566
KJ Garth,567
AL Kerrison,568
K Ramharack,569
Shaheen Shah Afridi,570
TAM Siriwardana,571
BE Hendricks,572
BF Smith,573
DNA Ankrah,574
DK Anefie,575
V Ateak,576
IKO Aboagye,577
M Aboagye,578
KS Bagabena,579
Izatullah Dawlatzai,580
CAJ Meschede,581
Ahmed Wardak,582
Muslim Yar,583
Asad Mohammad,584
V Ganesan,585
ACF Stokes,586
W Peatfield,587
TCW Veillard,588
LC Le Tissier,589
DR Hooper,590
P Bhart,591
Junaid Sheikh,592
Hayatullah Niazi,593
S Waqas Ahmed,594
Raza Iqbal,595
Tafseer Ali,596
Delawar Khan,597
ND Laegsgaard,598
J Jojo,599
OD Hald,600
HAM Shah,601
SA Ahmad,602
Anique Uddin,603
Bashir Shah,604
WJR Robertson,605
AW Hawkins-Kay,606
DG Blampied,607
CW Perchard,608
B Ward,609
EJB Miles,610
Abdullah Sheikh,611
Walid Ghauri,612
J Sumerauer,613
BDH Stevens,614
GRD Munasinghe,615
NA Maiolo,616
Rakibul Hasan,617
Baljit Singh,618
Charanjeet Singh,619
MJ Ross,620
S Arachchige,621
MD Bimenyimana,622
M Vumiliya,623
J Nyirankundineza,624
V Iriho,625
Y Sangare,626
JL Martel,627
Sahir Naqash,628
Nazakat Ali,629
E Ul Haq,630
Abdul-Shakoor Rahimzei,631
Jaspreet Singh,632
Omar Hayat,633
FA Allen,634
LCN Smith,635
CAK Rajitha,636
JDF Vandersay,637
FDM Karunaratne,638
AD Mathews,639
Sayed Shirzad,640
DM Kimmince,641
SC Getkate,642
KM Jarvis,643
H Masakadza,644
M Faheem,645
K Senamontree,646
Z Hoque,647
Vichanath Singh,648
DF Jacobs,649
N Pathan,650
C Pengkumta,651
S Saeed,652
Ibrahim Hassan,653
Umar Adam,654
Ameel Mauroof,655
WJ Malinda,656
MNR Cooray,657
Mohamed Mahfooz,658
EC Bargna,659
ST Frohnmayer,660
PA Wadenpohl,661
AM Healey,662
MS Beresford,663
CM Gough,664
KE Bryce,665
PA Chatterji,666
AH Maqsood,667
RV Scholes,668
K Fraser,669
K McGill,670
TE Kane,671
Rahat Ali,672
Faheem Ashraf,673
Haris Sohail,674
G Wareham,675
KL Gordon,676
GA Elwiss,677
S Molineux,678
TJ Vlaeminck,679
Yamin Ahmadzai,680
Wafadar Momand,681
Waqar Salamkheil,682
AR McBrine,683
J Cameron-Dow,684
A Balbirnie,685
GJ Delany,686
L Delany,687
Inam-ul-Haq,688
V Baskaran,689
Janak Prakash,690
Amjad Mahboob,691
S Vijayakumar,692
A Krishna,693
CR Suryawanshi,694
R Rohan,695
Muhammad Kashif,696
Ilyas Ahmed,697
Mohammad Ahsan,698
Nawaf Ahmed,699
MNM Aslam,700
Shiraz Khan,701
Syed Aziz,702
Pavandeep Singh,703
Fitri Sham,704
M Syahadat Ramli,705
S Muniandy,706
Anwar Rahman,707
Sompal Kami,708
Karan KC,709
LN Rajbanshi,710
B Regmi,711
P Khadka,712
NCK Liyanage,713
Virandeep Singh,714
P Sarraf,715
A Bohara,716
OP Stone,717
MJ Leach,718
Jandu Hamoud,719
Meet Bhavsar,720
Gayan Munaweera,721
Musawar Shah,722
S Vesawkar,723
Shafiul Islam,724
CBRLS Kumara,725
MK Villiers,726
CA Liyanage,727
S Hongsi,728
Md Shafiqul Haque,729
Taijul Islam,730
Nazril Rahman,731
Anowarul Islam,732
NA Janes,733
M McColl,734
S Haggo,735
IJR Zwilling,736
HWA Landheer,737
C de Lange,738
HDJ Siegers,739
S Siegers,740
SL Kalis,741
SR McAnanama-Brereton,742
JE Ronalds,743
AS van Beuge,744
GSNFG Jayasuriya,745
MD Shanaka,746
MS Wade,747
K Pierre,748
FJ Klaassen,749
BD Glover,750
PA van Meekeren,751
PM Seelaar,752
W Barresi,753
DI Dusabemungu,754
H Ishimwe,755
JM Apio,756
M Anyigo,757
S Kakai,758
S Nampiina,759
G Obukor,760
S Walaza,761
C Anayo,762
E Anyipo,763
I Nakisuuyi,764
R Musamali,765
P Alako,766
PZ Mamunya,767
NN Saidi,768
TS Omary,769
FO Kibasu,770
NO Tindo,771
W Kevin,772
EN Lynch,773
F Overdijk,774
O Prendergast,775
H Little,776
EAJ Richardson,777
C Sutthiruang,778
N Boochatham,779
S Laomi,780
R Padunglerd,781
S Tippoch,782
RK Willis,783
A Aitken,784
HRA Rainey,785
RS Glen,786
LK Bennett,787
O Kamchomphu,788
L Klokgieters,789
A Hogg,790
M Zwilling,791
Sultan Ahmed (2),792
Qadeer Ahmed,793
Ashfaq Ahmed,794
Ahmed Raza,795
Waheed Ahmed,796
VJ Kingma,797
HC Overdijk,798
TS Braat,799
PRP Boissevain,800
Sikander Zulfiqar,801
MP O'Dowd,802
Mohammad Naveed,803
Rohan Mustafa,804
Zahoor Khan,805
Saqib Zulfiqar,806
L Embuldeniya,807
AY Patel,808
Bilal Khan,809
Kaleemullah,810
Fayyaz Butt,811
Jay Odedra,812
Zeeshan Maqsood,813
Khawar Ali,814
Aqib Ilyas,815
N Pokana,816
N Vanua,817
D Ravu,818
CJA Amini,819
A Vala,820
CA Soper,821
Mohammad Nadeem,822
Aamir Kaleem,823
A Neill,824
TB Sole,825
GT Main,826
Hamza Tahir,827
S Bau,828
L Siaka,829
AV Lalcheta,830
SN Netravalkar,831
Jasdeep Singh,832
Steven Ryan Taylor,833
TP Allen,834
HR Walsh,835
NK Patel,836
GH O'Brien,837
DMW Rawlins,838
JE Pitcher,839
RJ Trott,840
KS Leverock,841
MO Jones,842
C Wright,843
KR Ebanks,844
AF Ifill,845
T Taylor,846
A Morris,847
YSD Seneveratne,848
P Manning,849
Junaid Siddiqui,850
GDR Eranga,851
D Heyliger,852
Saad Bin Zafar,853
N Dutta,854
NS Dhaliwal,855
M Mooketsi,856
D Kegasitswe,857
R Nehonde,858
B Khumalo,859
D Maisuria,860
T Perera,861
Ameer Saiyed,862
HN Ya France,863
B Shikongo,864
MG Erasmus,865
CG Williams,866
N Shangase,867
Rameen Shamim,868
Aliya Riaz,869
Nida Dar,870
Fatima Sana,871
TS Sekhukhune,872
A Ndlovu,873
JD Campbell,874
MDK Perera,875
H Hiri,876
NR Kumar,877
DL Brangman,878
TK Patel,879
Aaron Jones,880
LHB Harrington-Myers,881
OGL Bascome,882
K Gore,883
Z McLaughlin,884
AC Douglas,885
MR Montfort,886
DC Stovell,887
A Rangaswamy,888
P Silas,889
Mohammad Hasnain,890
Abu Jayed,891
Amir Mangal,892
JWN Moses,893
N Master,894
K Modise,895
C Waiswa,896
F Nsubuga,897
E Isaneez,898
H Ssenyondo,899
D Muhumuza,900
DM Nakrani,901
Riazat Ali Shah,902
B Masaba,903
RG Mukasa,904
G Bakiweyem,905
JK Vifah,906
IO Okpe,907
Mohameed Taiwo,908
VD Adewoye,909
I Danladi,910
CM Akachukwu,911
SA Okpe,912
AM Oyede,913
R Olipa,914
SO Ngoche,915
E Otieno,916
LN Oluoch,917
NM Odhiambo,918
SR Bhudia,919
CO Obuya,920
GK Diviya,921
DH Sharma,922
T Wang Ling,923
Roshni Ramesh,924
Smruthi Radhakrishnan,925
Shafia Hassan,926
WA Duraisingam,927
Noor Hayati Zakaria,928
Nur Arianna Natsya,929
Wan Nor Zulaika,930
Nur Nadihirah,931
Christina Baret,932
Mas Elysa,933
Ainna Hamizah Hashim,934
C Overton,935
Mahewish Khan,936
A Perera,937
Saniyah Zia,938
Hiba Shamshad,939
KN Mirchandani,940
Hala Azmat,941
L Ramjit,942
C Beckford,943
S Farooq,944
OT Wallerson,945
S Ramautar,946
U Iftikhar,947
G Kodali,948
E Ochieng,949
P Kerai,950
T Tshose,951
A Nortje,952
BC Fortuin,953
RRS Cornwall,954
TD Astle,955
I Muhawenimana,956
D Igihozo,957
A Ikuzwe,958
T Abdulquadri,959
F Eseigbe,960
M Desmond,961
B Etim,962
R Samson,963
S Sunday,964
R Oa,965
NM Ambo,966
V Araa,967
M Tom,968
S Jimmy,969
K Oala,970
Jahanara Alam,971
Salma Khatun,972
Ritu Moni,973
Nahida Akter,974
Fahima Khatun,975
SA Wittmann,976
SN Shihepo,977
W Mwatile,978
I van Zyl,979
Yasmeen Khan,980
MP Enright,981
N Vare,982
Khadija Tul Kubra,983
AG Rao,984
KA Green,985
V Hamunyela,986
V Frank,987
K Arua,988
D Foerster,989
I Toua,990
Shaila Sharmin,991
J Post,992
Nayeem Hasan,993
Mominul Haque,994
Zahir Khan,995
N Madziva,996
Fareed Ahmad,997
CT Mutombodzi,998
Aminul Islam Biplob,999
Fazal Niazai,1000
Afif Hossain,1001
Naveen-ul-Haq,1002
Seungmin Song,1003
Seri Chang,1004
Jiyeon Park,1005
Mina Baek,1006
Haliam Kwon,1007
Hyejin Park,1008
N Tokizawa,1009
M Kanno,1010
R Kanai,1011
R Endo,1012
S Miyaji,1013
Kiyo Fujikawa,1014
M Yanagida,1015
Wang Meng,1016
Wu Juan,1017
L Jie,1018
LI Haoye,1019
Han Lili,1020
M Wai Siu,1021
M Hill,1022
KY Chan,1023
Chan Ka Man,1024
YS To,1025
Ruchitha Venkatesh,1026
K Nanno,1027
A Kanada,1028
H Dhavina,1029
SK Sonpethkar,1030
J Intan,1031
Nik Nur Atiela,1032
NJ Carey,1033
SS Grimmond,1034
S Gajnabi,1035
C Floyd,1036
S Snater,1037
BFW de Leede,1038
A Nao,1039
J Kila,1040
J Theron,1041
EH Hutchinson,1042
BTJ Wheal,1043
Umaima Sohail,1044
M Short,1045
BMSM Kumari,1046
EA Burns,1047
SIP Fernando,1048
WGAKK Kulasuriya,1049
H Graham,1050
DL Piedt,1051
S Muthusamy,1052
D Elgar,1053
RG Sharma,1054
GF Linde,1055
F Song,1056
M Yousaf,1057
CN Ackermann,1058
KD Shah,1059
K Christie,1060
Nasrulla Rana,1061
Mohammad Ghazanfar,1062
Ehsan Khan,1063
Waqas Barkat,1064
Raag Kapur,1065
Haroon Arshad,1066
Nizakat Khan,1067
T van der Gugten,1068
S Bhari,1069
N Mlaba,1070
P Vastrakar,1071
RP Yadav,1072
AA Patil,1073
A Reddy,1074
A Bosch,1075
Iftikhar Ahmed,1076
Mohammad Nawaz (3),1077
K Birkenstock,1078
R Hekure,1079
TH David,1080
Sidhant Singh,1081
DC Delany,1082
Aizaz Khan,1083
JS Kundi,1084
Junaid Siddique (2),1085
JJ Tucker,1086
AS Abioye,1087
D Ajekun,1088
JO Adedeji,1089
RR Patel,1090
JOA Gordon,1091
Imran Haider,1092
D Gim,1093
AAhan Achar,1094
H Carlyon,1095
Sulaimon Runsewe,1096
NMS Param,1097
NA Greenwood,1098
Avi Dixit,1099
U Aryaman Sunil,1100
EB Ringera,1101
JI Rodrigues,1102
JS Henriksen,1103
Muhammad Hafiz,1104
Suharril Fetri,1105
Norwira Zazmie,1106
Khurram Shahzad,1107
Saqlain Arshad,1108
C Pervez,1109
PK Matautaava,1110
AL Stephen,1111
N Nipiko,1112
JW Chilia,1113
W Nalisa,1114
SH Obed,1115
D Mogan,1116
A Mansale,1117
Zaheer Ibrahim,1118
Kamran Khan (2),1119
ZK Shem,1120
Mohammad Rizlan,1121
Owais Ahmed,1122
Lucky Ali,1123
Abraash Khan,1124
Raja Adeel,1125
R Panchal,1126
Farzan Afzal,1127
Kuldeep Lal,1128
TC Vine,1129
Atif Mehmood,1130
Yasir Ali,1131
Fakhrul Mohon,1132
Ali Naqi,1133
Tariq Aziz,1134
P Buccimazza,1135
Zohaib Sarwar,1136
Najjam Shahzad,1137
Imran Khan (4),1138
MO Bacarese,1139
MG Hunter,1140
E Packard,1141
BA Pai,1142
RJ Hatchman,1143
J Perman,1144
K Nestor,1145
Tauqeer Hussain,1146
JA Fitzgerald,1147
N Advani,1148
MD Garratt,1149
A Orfila,1150
PD Hennessy,1151
NH Naureen,1152
Zulqarnain Haider (2),1153
WP Masakadza,1154
Kushal Malla,1155
DS Airee,1156
D Jakiel,1157
WT Mashinge,1158
T Munyonga,1159
Muhammad Wafiq,1160
W Viraliliu,1161
Syazrul Idrus,1162
Mohamed Arief,1163
J Rasu,1164
Panna Ghosh,1165
Lata Mondal,1166
Rumana Ahmed,1167
Anam Amin,1168
Sadia Iqbal,1169
Asif Ali,1170
RA Reifer,1171
Sharafuddin Ashraf,1172
H Patel,1173
R Gunasekera,1174
Tanwir Afzal,1175
Ali Khan,1176
Aiman Anwer,1177
F Guirrugo,1178
P Cuinica,1179
I Chuma,1180
O Matsolo,1181
C Magaia,1182
C Murrombe,1183
A Mazvishaya,1184
L Phiri,1185
V Ooko,1186
M Ngoche,1187
M Mwangi,1188
E Waithaka,1189
M Ochieng,1190
E Wachira,1191
D Njoroge,1192
Aminata Kamara,1193
J Kowa,1194
AM Kamara,1195
M Sheriff,1196
F Bangur,1197
Adama Kamara,1198
C Aweko,1199
F Najjumba,1200
A Obulor,1201
A Salomao,1202
JA Diergaardt,1203
ZK Finkili,1204
M Pascal,1205
G Ishimwe,1206
E Moiane,1207
M Ndhambi,1208
J Mbabazi,1209
D Busingye,1210
V Mansale,1211
R Andrew,1212
S Solman,1213
L Tastuki,1214
A Chilia,1215
N Navaika,1216
NMP Suwandewi,1217
N Sitompul,1218
T Hanum,1219
NKF Rada Rani,1220
K Winda Prastini,1221
E Eduard,1222
M Vua,1223
R Muriyalo,1224
LS Mulivai,1225
LO Telea,1226
T Lafai,1227
MI Tato,1228
T Iosefo,1229
M Tilau,1230
L Samani,1231
L Vuadreu,1232
A Tagilala,1233
L Rika,1234
M Mete,1235
FLV Pula,1236
Mohammad Irfan,1237
Al-Amin Hossain,1238
PR Brown,1239
S Mahmood,1240
L Gregory,1241
DJ Mitchell,1242
MW Parkinson,1243
BM Tickner,1244
R Shepherd,1245
Javed Ahmadi,1246
Zawar Farid,1247
Mehran Khan,1248
AA Alleyne,1249
Mohammad Sami,1250
Saeed Ajmal,1251
Imran Khalid,1252
Amad Butt,1253
DJG Sammy,1254
Sohail Tanvir,1255
Mohammad Irfan (4),1256
Bilawal Bhatti,1257
GD Elliott,1258
Zulfiqar Babar,1259
Anwar Ali,1260
Hasan Khan,1261
Mohammad Asghar,1262
Sohail Khan,1263
Abrar Ahmed,1264
RS Bopara,1265
Zohaib Khan,1266
Umar Gul,1267
Usman Khan,1268
Usama Mir,1269
RR Rossouw,1270
Kashif Bhatti,1271
CS Delport,1272
Imran Khan (1),1273
Aamer Yamin,1274
Mir Hamza,1275
Ghulam Mudassar,1276
BB McCullum,1277
Saad Nasim,1278
RR Emrit,1279
Hammad Azam,1280
Ibtisam Sheikh,1281
Hassan Khan,1282
Raza Hasan,1283
SR Patel,1284
Umaid Asif,1285
Agha Salman,1286
Hussain Talat,1287
Sameen Gul,1288
Khalid Usman,1289
Salman Irshad,1290
Sarfraz Ahmed,1291
D Wiese,1292
Saif Badar,1293
Zafar Gohar,1294
RA Whiteley,1295
KJ Abbott,1296
Bilal Asif,1297
Danish Aziz,1298
Muhammad Musa,1299
Ebadat Hossain,1300
SL Bates,1301
RM Farrell,1302
L Griffith,1303
HJ Darlington,1304
H Silver-holmes,1305
S Campbell,1306
LG Smith,1307
M Strano,1308
M Brown,1309
CJ Koski,1310
A Sutherland,1311
EA Osborne,1312
NM Hancock,1313
T Flintoff,1314
CL Rafferty,1315
ML Gibson,1316
SJ Johnson,1317
G Prestwidge,1318
GM Harris,1319
DN Wyatt,1320
P Cleary,1321
EL King,1322
JL Barsby,1323
TM McGrath,1324
A Price,1325
HL Ferling,1326
M Penna,1327
T Peschel,1328
C Leeson,1329
M Phillips,1330
R Trenaman,1331
SM Betts,1332
CG Sippel,1333
A King,1334
OJ Hannon-Dalby,1335
CJC Wright,1336
RO Gordon,1337
LJ Fletcher,1338
BA Hutton,1339
SJ Mullaney,1340
SKW Wood,1341
P Coughlin,1342
U Arshad,1343
RD Pringle,1344
KK Jennings,1345
SG Borthwick,1346
JD Shantry,1347
J Leach,1348
BL D'Oliveira,1349
EG Barnard,1350
DKH Mitchell,1351
RK Kleinveldt,1352
Azharullah,1353
SP Crook,1354
GG White,1355
RML Taylor,1356
BA Raine,1357
NJ Dexter,1358
JKH Naik,1359
MT Coles,1360
DA Griffiths,1361
ME Claydon,1362
JC Tredwell,1363
DI Stevens,1364
FK Cowdrey,1365
J Overton,1366
TD Groenewald,1367
Yasir Arafat,1368
J Allenby,1369
MTC Waller,1370
MW Dixon,1371
MR Quinn,1372
GR Napier,1373
Azhar Mahmood,1374
MW Pillans,1375
GJ Batty,1376
JE Burke,1377
DA Payne,1378
CN Miles,1379
CJ Liddle,1380
TMJ Smith,1381
BAC Howell,1382
JMR Taylor,1383
DR Briggs,1384
A Shahzad,1385
OE Robinson,1386
WAT Beer,1387
SJ Thakor,1388
A Carter,1389
AL Hughes,1390
MJJ Critchley,1391
SJ Croft,1392
N Wagner,1393
GT Griffiths,1394
TC Smith,1395
GA Edwards,1396
AM Lilley,1397
SD Parry,1398
GG Wagg,1399
DA Cosker,1400
ZS Ansari,1401
WR Smith,1402
TL Best,1403
R McLaren,1404
GM Andrew,1405
JK Fuller,1406
HW Podmore,1407
RH Patel,1408
JJ Cobb,1409
WJ Durston,1410
JC Wainman,1411
A Lyth,1412
WMH Rhodes,1413
BO Coad,1414
TJ Wells,1415
A Javid,1416
DD Masters,1417
Ashar Zaidi,1418
T Westley,1419
JA Rudolph,1420
GL van Buuren,1421
LC Norwell,1422
IAA Thomas,1423
GK Berg,1424
CJ Russell,1425
R Clarke,1426
JE Poysden,1427
CJ Taylor,1428
MD Taylor,1429
CDJ Dent,1430
WL Madsen,1431
SA Patterson,1432
J Clark,1433
C Rushworth,1434
K Noema-Barnett,1435
DW Lawrence,1436
RN ten Doeschate,1437
TG Helm,1438
NA Sowter,1439
GH Rhodes,1440
BW Sanderson,1441
RJ Gleeson,1442
R Rampaul,1443
MA Ashraf,1444
OP Rayner,1445
DJ Malan,1446
JG Myburgh,1447
Azeem Rafiq,1448
K Carver,1449
BD Cotton,1450
PD Trego,1451
NL Buck,1452
PI Walter,1453
JJ Weatherley,1454
MD Hunn,1455
J Shaw,1456
GHS Garton,1457
CD Nash,1458
MJ Cosgrove,1459
RA Stevenson,1460
DP Sibley,1461
F Behardien,1462
RJ Sayer,1463
TP Milnes,1464
BJ Taylor,1465
RF Higgins,1466
LM Reece,1467
AD Thomason,1468
RA Jones,1469
AJ Ball,1470
KHD Barker,1471
J Harrison,1472
CAJ Morris,1473
JAR Harris,1474
WRS Gidman,1475
BGF Green,1476
ORT Sale,1477
DM Bess,1478
L Wood,1479
AG Salter,1480
MJ Waite,1481
H Deol,1482
Kamran Shazad,1483
Krishna Chandran,1484
Mohammad Shahzad (2),1485
Fayyaz Ahmed,1486
Haseeb Amjad,1487
Irfan Ahmed,1488
Nadeem Ahmed,1489
Ehsan Nawaz,1490
Mirwais Ashraf,1491
Usman Ghani,1492
M Ansari,1493
RJ Ranpura,1494
Amir Ali,1495
Zeeshan Siddiqui,1496
M Alam,1497
SP Gauchan,1498
Aarif Sheikh,1499
JPR Lamsam,1500
Irfan Sajid,1501
Khurram Khan,1502
S Navaratnam,1503
Nasir Shafiq,1504
Khizar Hayat,1505
Hassan Ghulam,1506
Shahrulnizam Yusof,1507
RK Pradhan,1508
HB Ralalage,1509
MD Craig,1510
Imran Khan (2),1511
Mohammad Talha,1512
Ehsan Adil,1513
KD Mills,1514
Ahmed Shehzad,1515
MJ Guptill,1516
BM Wheeler,1517
AW Mathieson,1518
DA Warner,1519
JF Mooney,1520
RJW Topley,1521
Ziaur Rahman,1522
RV Uthappa,1523
Parvez Rasool,1524
Abdur Razzak,1525
Sohag Gazi,1526
RMS Eranga,1527
KTGD Prasad,1528
HMRKB Herath,1529
KDK Vithanage,1530
Abdur Rehman,1531
TM Dilshan,1532
SMA Priyanjan,1533
Fawad Alam,1534
UWMBCA Welegedara,1535
Abid Mushtaq,1536
Faizan Ali,1537
Abdullah Akhunzada,1538
Saad Khalid,1539
Abdul Jabar,1540
Mohamed Rifkas,1541
Hisham Mirza,1542
Abhiraj Singh,1543
M Dharmichand,1544
AD de Lange,1545
A Goenka,1546
C Janik,1547
K Penjor,1548
S Tobgay,1549
SR Gurung,1550
P Wangdi,1551
T Wangchuk,1552
J Singye,1553
Ibrarul Haq,1554
Nadeem Javed,1555
Abdullah Qureshi,1556
Akram Aslam,1557
Faheem Afrad,1558
Mohammad Abdullah,1559
Ahmed Jamaal,1560
Mihusan Hamid,1561
Abdullah Shahid,1562
Ahmed Hassan,1563
Mudassar Ali,1564
Yaser Sadeq,1565
Anasim Khan,1566
Adil Hanif,1567
Sameer Minhas,1568
Huzaifa Akram,1569
Adnan Butt,1570
L Yonten,1571
S Appusamy,1572
Saad Janjua,1573
DK Subba,1574
Suman Pradhan,1575
Shahbaz Rasheed,1576
Afzal Saleem,1577
Rashid Hussain,1578
Mirza Baig,1579
Mirza Yaqoob,1580
J Chaturanga,1581
Ubaid Minhas,1582
Junaid Niazi,1583
A Khan,1584
A Bulow,1585
Aftab Ahmed (2),1586
Kamran Mahmood,1587
Yasir Iqbal,1588
V Pennazza,1589
CS Sandri,1590
WTN Fernando,1591
MGSM Fernando,1592
DA Marage,1593
DG Crowley,1594
Arif Hussain,1595
Mohammad Shukri,1596
CJ Bodenstein,1597
NAT Watkins,1598
PW Gough,1599
TE Minty,1600
SSJ Dewhurst,1601
RB Javed,1602
CR Kumarage,1603
Zishan Shah,1604
JN Duckett,1605
A Mutreja,1606
L di Giglio,1607
NP Rodrigo,1608
Sufyan Mehmood,1609
Jatinder Singh,1610
AB de Villiers,1611
PHT Kaushal,1612
HDRL Thirimanne,1613
DAJ Bracewell,1614
HD Rutherford,1615
SMSM Senanayake,1616
Younis Khan,1617
BAW Mendis,1618
DPMD Jayawardene,1619
M de Lange,1620
RJ Peterson,1621
M Vijay,1622
JL Hunter,1623
Qanita Jalil,1624
Sania Khan,1625
MM Lanning,1626
Maham Tariq,1627
TD Smartt,1628
SL Quintyne,1629
SL Munroe,1630
T Panyangara,1631
SW Masakadza,1632
P Utseya,1633
T Kamungozi,1634
N M'shangwe,1635
Y Fourie,1636
MM Letsoalo,1637
E Chigumbura,1638
HAM Samuddika,1639
NND de Silva,1640
Shahadat Hossain,1641
Jubair Hossain,1642
J Nyumbu,1643
Shuvagata Hom,1644
BB Chari,1645
Arafat Sunny,1646
V Sibanda,1647
T Maruma,1648
Abul Hasan,1649
IJL Trott,1650
J Blackwood,1651
SJ Benn,1652
V Permaul,1653
R Sangsoma,1654
W Liengprasert,1655
N Chantam,1656
Nur Aishah,1657
Jannadiah Halim,1658
Rewina Mohammad,1659
S Khadka,1660
RC Belbashi,1661
S Magar,1662
Karuna Bhandari,1663
Nary Thapa,1664
R Rawal,1665
Nadhirah Nasruddin,1666
Yebin Ka,1667
Jinseup Park,1668
Inyeong Oh,1669
Ahram Jeong,1670
Chan Sau Har,1671
IA Gidwani,1672
KK Gill,1673
KLG Li,1674
Zhou Haijie,1675
Yu Miao,1676
X Ruan,1677
K Ota,1678
A Nakayama,1679
S Kubota,1680
Hung Ying Ho,1681
Sumaiya Siddiqi,1682
HML Madushani,1683
Faruq Hakimin,1684
Kyungsik Kim,1685
Jiwon Choi,1686
Hongki Kim,1687
Taekwan Park,1688
Inho Cha,1689
Hwanhee Lee,1690
Sagar Pun,1691
Alkandari Abdulrahman,1692
Bastaki Mahmoud,1693
Zhang Peng,1694
Zhang Yufei,1695
Wang Jing,1696
Zhong Wenyi,1697
H Min Jian,1698
Song Yang Yang,1699
B Karki,1700
Ahmed Faiz,1701
MS Chapman,1702
A Mehmood,1703
LHD Dilhara,1704
CKB Kulasekara,1705
PC de Silva,1706
RLB Rambukwella,1707
Mohammad Mujtaba,1708
Karim Sadiq,1709
M Nasim Baras,1710
Fazal Rahman,1711
AAS Silva,1712
JJC Lawson,1713
Usman Shuja,1714
Muhammad Ghous,1715
K Ganesh,1716
D Talbot,1717
J Sebanja,1718
DK Arinaitwe,1719
Mohamed Shoib,1720
AE Paraam,1721
Adil Bhatti,1722
A Thyagarajan,1723
SJ Massiah,1724
A Bhattarai,1725
Danial Ahmed,1726
D Ruyange,1727
D Duraisingam,1728
JA DeSilva,1729
KE Bashir,1730
T Manders,1731
C Burgess,1732
Suleman,1733
PLS Gamage,1734
S Randiv,1735
AT Rayudu,1736
RL Grundy,1737
CJ Metcalfe,1738
EJ Tice,1739
LK O'Reilly,1740
IMHC Joyce,1741
LN McCarthy,1742
S van Zyl,1743
AD Hales,1744
AM Guruge,1745
Amjad Javed,1746
Mohammad Tauqir,1747
Salman Farooq,1748
MGMCP Gunawardene,1749
Naila Nazir,1750
MJ Clarke,1751
AR Cusack,1752
I Wardlaw,1753
RM Haq,1754
MW Machan,1755
Hassan Ibrahim,1756
Ahmed Ameel,1757
Afzal Faiz,1758
Imran ullah Gul,1759
Hammad Saeed,1760
Shoaib Ali,1761
Mohammad Afzal,1762
Khalid Butt,1763
Kashif Sharif,1764
Sibtain Raza,1765
Bilal Ahmed,1766
Muhammad Saeed,1767
Shunan Ali,1768
Adnan Liaquat,1769
KJ Coetzer,1770
L Klazinga,1771
G Snyman,1772
E Asoyo,1773
MO Ndandason,1774
JL Bhimji,1775
JO Ngoche,1776
SS Dhindsa,1777
Rizwan Cheema,1778
PA Desai,1779
Mudassar Bukhari,1780
MJG Rippon,1781
Ahsan Malik,1782
P Ochan,1783
BL Kotze,1784
NN Odhiambo,1785
AS Hansra,1786
PW Borren,1787
SJ Myburgh,1788
CF Snyman,1789
MB van Schelven,1790
D Soraine,1791
JK Kamande,1792
AM Phangiso,1793
E Leie,1794
Mohammad Shahid,1795
SR Harmer,1796
L Lee,1797
Iram Javed,1798
PP Ojha,1799
JA Morkel,1800
DJ Muthuswami,1801
IC Pandey,1802
Karanveer Singh,1803
PV Tambe,1804
AN Ahmed,1805
P Suyal,1806
R Dhawan,1807
A Ashish Reddy,1808
RG More,1809
Iqbal Abdulla,1810
Shivam Sharma,1811
R Bhatia,1812
Gurkeerat Singh,1813
AB Dinda,1814
GH Worker,1815
Imrul Kayes,1816
J Mubarak,1817
SS Pathirana,1818
B Fernando,1819
BV Vitori,1820
CJ Chibhabha,1821
T Mupariwa,1822
S Dhawan,1823
WT Gavera,1824
JB Reva,1825
MD Dai,1826
MR Swart,1827
N Niranjana,1828
GA Guy,1829
MJG Nielsen,1830
KE Broadmore,1831
J Davidson,1832
H Shahid,1833
Umair Ali,1834
AW Kay,1835
B Kynman,1836
RJG Palmer,1837
Anas Khan,1838
JK Mukhiya,1839
JH Patel,1840
JW Jenner,1841
Nasir Aziz,1842
L Nou,1843
Naseer Jamali,1844
S Lohani,1845
G Malla,1846
P Raho,1847
NRP Scholtz,1848
Anshuman Rath,1849
GLB Lamplough,1850
CW Coombe,1851
Waqas Khan,1852
K Saesong,1853
S Lateh,1854
RA Lewis,1855
ELT de Lange,1856
CC van Slobbe,1857
EE Corder,1858
T Mlilo,1859
C Chatonzwa,1860
CS Mugeri,1861
L Yingying,1862
SM Mayers,1863
P Siaka,1864
K Seura,1865
N Ovasuru,1866
K Anderson,1867
CJ Erkelens,1868
M Veringmeier,1869
B Tau,1870
C Appel,1871
A Karn,1872
T Muzarabani,1873
GJ McCarter,1874
JA Warrican,1875
L Cheatle,1876
Sneh Rana,1877
CJ Simmons,1878
GL Walker,1879
TL Lawford,1880
CAH Stevenson,1881
JH Kallis,1882
LW Feldman,1883
JK Reed,1884
HP Kingston,1885
GD Putland,1886
CA Pujara,1887
NE Farrant,1888
D Devnarain,1889
O Kirsten,1890
Y Punja,1891
L Sreekumar,1892
Asif Iqbal (1),1893
Zaheer Maqsood,1894
V Manakiwai,1895
Imran Khan (3),1896
J Wesele,1897
Riyad Khan,1898
V Yabaki,1899
J Kida,1900
MWR Stokes,1901
OE Newey,1902
W Fazakerley,1903
JAJ Nussbaumer,1904
MLA Ellis,1905
TJ Ravenscroft,1906
N Unavalu,1907
A Wright,1908
RD Bovell,1909
D Crawford,1910
Safir Hayat,1911
Zeeshan Shehzad Siddiqui,1912
Jawad Mir,1913
PK Thangavadivel,1914
BB Bailey,1915
AK Gokoel,1916
MC Patandin,1917
G Singh,1918
SA Drepaul,1919
YP Dayal,1920
JF Rika,1921
Kunaal Kumar,1922
G Smith,1923
R Withey,1924
T Nightingale,1925
Shehraz Khalid,1926
S Dokosobau,1927
WA Haslim,1928
JM Vince,1929
MF Maharoof,1930
KMC Bandara,1931
BKG Mendis,1932
Shan Masood,1933
MDUS Jayasundera,1934
J Charles,1935
JN Mohammed,1936
TMM Newton,1937
LM Jongwe,1938
TS Chisoro,1939
Adnan Ilyas,1940
Bikram Sob,1941
Rokhan Barakzai,1942
ADS Fletcher,1943
D Olivier,1944
ST de Silva,1945
RJ Campbell,1946
LV van Beek,1947
MC Sorensen,1948
Asghar Stanikzai,1949
Abu Hider,1950
Saqlain Sajib,1951
V Krishnamurthy,1952
Farhan Ahmed,1953
Muktar Ali,1954
CRD Fernando,1955
Tanveer Ahmed,1956
Fahad Tariq,1957
Mohammad Nazril,1958
Ahmad Nasir,1959
Abdul Rashid,1960
K Suresh,1961
R Altaff Hussein,1962
Abhinav Raman,1963
SKG Krishnan,1964
A Hutchinson,1965
T Kirk,1966
KZ Rehmtullah,1967
K Nassoro,1968
Jitin Singh,1969
A Cassim,1970
A Dagar,1971
CN Onwuzulike,1972
OA Olympio,1973
S Adedeji,1974
AP Adegbola,1975
A Mpeka,1976
R McBey,1977
RK Kiseto,1978
CC Blake,1979
J Dunn,1980
OJ Bejide,1981
AA Onikoyi,1982
J Butler,1983
GH Smit,1984
RP Singh,1985
S Ladda,1986
P Sahu,1987
SB Jakati,1988
R Sathish,1989
S Kaushik,1990
Sachin Baby,1991
MVT Fernando,1992
AK Perera,1993
Rameez Shahzad,1994
MS Gony,1995
Mohammed Qasim,1996
TP Ura,1997
JRMVB Sanjaya,1998
EMDY Munaweera,1999
Azeez Salako,2000
SJ Ally,2001
AM Kimote,2002
HA Chohan,2003
KN Mussa,2004
L Lamin,2005
I Kamara,2006
Mohamed Khan,2007
G Ngegba,2008
A Gbla,2009
SK Awiah,2010
JO Adotei,2011
T Nyirongo,2012
Gladson Kandela,2013
J Zimba,2014
Javid Patel,2015
G Kandela,2016
Tejas Baroka,2017
I Komba,2018
A Mene-Ejegi,2019
J Mulder,2020
KK Nair,2021
Subashis Roy,2022
MK Anafie,2023
B Williams,2024
Muhammad Hashim,2025
K Omala,2026
M Mvula,2027
Z Abbasi,2028
Sultan Ahmed,2029
AA Premji,2030
RM Duffield,2031
A Flintoff,2032
NP Winter,2033
AR Beadle,2034
SJC Keen,2035
KP Pietersen,2036
WD Sheridan,2037
M Muralitharan,2038
BS Dean,2039
NJ Reardon,2040
JW Wells,2041
MG Gale,2042
CT Tremlett,2043
CJM Sabburg,2044
AD Mascarenhas,2045
TA Copeland,2046
DJ Pattinson,2047
SB Styris,2048
TP Doropoulos,2049
CL White,2050
BE Young,2051
AR Keath,2052
SS Agarwal,2053
F du Plessis,2054
L Balaji,2055
SM Benade,2056
S Loubser,2057
SK Dolawatte,2058
CR Seneviratna,2059
HMD Rasangika,2060
SA Campbelle,2061
SEA Ruck,2062
NJ Browne,2063
FL Mackay,2064
HL Colvin,2065
LC Sthalekar,2066
S Sharma,2067
A Das,2068
A Brindle,2069
R Malhotra,2070
RK Parwin,2071
LR Doolan,2072
GP Swann,2073
S Shillingford,2074
G Onions,2075
LL Tsotsobe,2076
Aizaz Cheema,2077
CK Kapugedera,2078
SR Tendulkar,2079
Nazmul Hossain,2080
V Sehwag,2081
A Martin,2082
LMP Simmons,2083
A Mithun,2084
R Sharma,2085
Farhad Reza,2086
Alok Kapali,2087
Elias Sunny,2088
Mohammad Ashraful,2089
Robiul Islam,2090
K Santokie,2091
GE Mathurin,2092
MEK Hussey,2093
N Deonarine,2094
A Sharma,2095
G Sultana,2096
HA Varaiya,2097
DI Allan,2098
DT Johnston,2099
AR White,2100
RG Aga,2101
NG Jones,2102
Zakiullah Zaki,2103
H Osinde,2104
Zahid Hussain,2105
HS Baidwan,2106
MA Parker,2107
PL Mommsen,2108
JH Stander,2109
Zamir Khan,2110
Nawroz Mangal,2111
TGJ Gruijters,2112
GD Drummond,2113
MM Iqbal,2114
MS Aulakh,2115
M Kartik,2116
Harmeet Singh,2117
PC Valthaty,2118
SK Trivedi,2119
A Singh,2120
KK Cooper,2121
BJ Hodge,2122
AA Chavan,2123
TP Sudhindra,2124
JD Ryder,2125
Anand Rajan,2126
RR Bhatkal,2127
P Awana,2128
AL Menaria,2129
VY Mahesh,2130
BA Bhatt,2131
AB Agarkar,2132
V Pratap Singh,2133
Pankaj Singh,2134
KP Appanna,2135
Y Nagar,2136
SC Ganguly,2137
A Chandila,2138
R Shukla,2139
LR Shukla,2140
AM Nayar,2141
AUK Pathan,2142
AA Jhunjhunwala,2143
P Parameswaran,2144
J Syed Mohammad,2145
RR Powar,2146
K Upadhyay,2147
Y Venugopal Rao,2148
AG Murtaza,2149
Sunny Gupta,2150
JDP Oram,2151
RM Hira,2152
RJ Nicol,2153
AM Ellis,2154
TS Nethula,2155
DR Flynn,2156
AB Fudadin,2157
CS Martin,2158
DG Brownlie,2159
KS Lokuarachchi,2160
S Weerakoon,2161
TT Samaraweera,2162
MS Panesar,2163
G Gambhir,2164
SC Meaker,2165
BP Martin,2166
IG Butler,2167
SC Kerrigan,2168
MA Carberry,2169
MS Dhoni,2170
JL Ontong,2171
GC Smith,2172
AN Petersen,2173
Tanvir Ahmed (1),2174
RJ Quiney,2175
HM Amla,2176
RT Ponting,2177
BK Das,2178
S Regmi,2179
Shoaib Razzak,2180
B Mwita,2181
ZR Jaboneke,2182
HH Abdallah,2183
HS Hansen,2184
MR Pedersen,2185
L Slebsager,2186
AB Chawla,2187
PVSS Raja,2188
B Narender Reddy,2189
OM Baker,2190
A Rajp,2191
N Mapunda,2192
AR Patwa,2193
Hammadullah Khan,2194
Nik Arifin,2195
SAN Anjum,2196
RG Corns,2197
K Tari,2198
A Kind-David,2199
O Harvey,2200
B Wakhley,2201
D Dorji,2202
T Hagihara,2203
S Nakano,2204
K Ogawa,2205
NA Miyaji,2206
D Mee,2207
N Miyaji,2208
N Vaasili,2209
F Mulivai,2210
T Alatasi,2211
W Mariner,2212
IC West,2213
BF Mailata,2214
Ali Saleem,2215
Waheed Aamir,2216
Wasim Tahir,2217
M Shahbaz Butt,2218
W Shafiq,2219
F Khaliq,2220
S Muhammad,2221
A Rehman,2222
S Newport,2223
S Mehta,2224
A Iqbal,2225
M Taniyama,2226
PK Ananya,2227
SA Millanta,2228
RH Candy,2229
Lily Rani Biswas,2230
Mariam Hasan,2231
Shukhtara Rahman,2232
Naeem Islam,2233
Tamim Iqbal,2234
Y Potgieter,2235
Raza-ur-Rehman,2236
NM Carter,2237
T Mishra,2238
DLS van Bunge,2239
SJ Elliott,2240
CM Edwards,2241
CD Barnwell,2242
RW Price,2243
S Ravikumar,2244
Kyshona A Knight,2245
S Sreesanth,2246
Harmeet Singh (2),2247
TL Suman,2248
S Narwal,2249
BJ Rohrer,2250
VS Malik,2251
RV Gomez,2252
AC Gilchrist,2253
Umar Amin,2254
Asad Ali,2255
Sajedul Islam,2256
Enamul Haque jnr,2257
KO Meth,2258
Javeria Rauf,2259
PS Airee,2260
NC McGarrell,2261
BS Bartley,2262
HJ Mehta,2263
A Ramesh,2264
RJ Robinson,2265
C Sawad,2266
P Baskota,2267
T Gibbons,2268
RK Vishwakarma,2269
Fida Hussain,2270
DSF Arsakulasuriya,2271
RG Okia,2272
A Bonora,2273
PA Petricola,2274
E Schiferli,2275
H Davids,2276
NO Miller,2277
V Vithanage,2278
MJ Turik,2279
J Bartholemew,2280
D Shabbir,2281
M Patel,2282
MEMO Scott-Hayward,2283
N Konchan,2284
P Mujaji,2285
HS Saili,2286
DM Braat,2287
Mariska Kornet,2288
S Bruning,2289
L Kenton,2290
A Suda,2291
MT Chinouya,2292
Sohaib Maqsood,2293
Fahad Alhashmi,2294
Shaiman Anwar,2295
KC Sangakkara,2296
LP van der Westhuizen,2297
EHSN Silva,2298
G Goudie,2299
Munir Dar,2300
CR Amini,2301
SO Tikolo,2302
A Sanford,2303
Imran Awan,2304
T Verwey,2305
TM Odoyo,2306
KRS Hansen,2307
AS Dean,2308
SR Santhanam,2309
K Kamyuka,2310
D Daesrath,2311
R Otim,2312
JNK Shannon,2313
S Groenewald,2314
AM Hicks,2315
Asim Khurshid,2316
EJ Richardson,2317
AJ Redmond,2318
Shathira Jakir,2319
AN Cook,2320
GS Ballance,2321
Marshall Ayub,2322
LRPL Taylor,2323
Najeeb Amar,2324
Sharif Asadullah,2325
HNK Jensen,2326
JM Dibble,2327
Soniya Dabir,2328
SK Naidu,2329
FC Leydon-Davis,2330
Shohely Akhter,2331
Shamsur Rahman,2332
Khurram Chohan,2333
LN Onyango,2334
Najibullah Zadran,2335
KK Peters,2336
SB Odedra,2337
Ronald Ebanks,2338
N Sellars,2339
RN Roach,2340
HG Mohammed,2341
SO Akolade,2342
JO Ogunlola,2343
O Onwuzulike,2344
E Ofem,2345
L Savident,2346
O Bryan,2347
S Khalifa,2348
J Anderson,2349
DM Bravo,2350
LR Johnson,2351
SA Yadav,2352
S Rana,2353
M Shezi,2354
Noor-ul-Amin,2355
Salman Faris,2356
Hashmatullah Shahidi,2357
SM Pollock,2358
MA Khote,2359
VRV Singh,2360
A Kumble,2361
SB Joshi,2362
P Amarnath,2363
Joginder Sharma,2364
DNT Zoysa,2365
SB Bangar,2366
D Kalyankrishna,2367
ST Jayasuriya,2368
SD Chitnis,2369
GD McGrath,2370
Mohammad Asif,2371
B Akhil,2372
Gagandeep Singh,2373
M Ntini,2374
WPUJC Vaas,2375
DP Vijaykumar,2376
DB Ravi Teja,2377
LPC Silva,2378
RR Raje,2379
S Vidyut,2380
Shoaib Akhtar,2381
D Salunkhe,2382
PM Sarvesh Kumar,2383
VS Yeligati,2384
B Geeves,2385
A Nel,2386
NW Bracken,2387
SR Clark,2388
T Thushara,2389
Aftab Ahmed,2390
Iftikhar Anjum,2391
Syed Rasel,2392
Mansoor Amjad,2393
Dolar Mahmud,2394
Salman Butt,2395
SM Katich,2396
SJ Harmison,2397
RJ Sidebottom,2398
OA Shah,2399
Mahbubul Alam,2400
Mehrab Hossain jnr,2401
PL Harris,2402
M Zondeki,2403
ND McKenzie,2404
J Louw,2405
Junaid Siddique,2406
YA Abdulla,2407
IE O'Brien,2408
A Symonds,2409
BJ Diamanti,2410
DBL Powell,2411
RO Hinds,2412
BP Nash,2413
RR Sarwan,2414
LS Baker,2415
DS Smith,2416
JAR Blain,2417
JD Nel,2418
GI Maiden,2419
RR Watson,2420
SKW Kelly,2421
RDM Leverock,2422
IH Romaine,2423
OL Pitcher,2424
R Dhar,2425
PG Raut,2426
P Roy,2427
KL Pulford,2428
NJ Shaw,2429
SJ Andrews,2430
S Nitschke,2431
KE Pike,2432
CM Wright,2433
GA Rogers,2434
RM West,2435
WK McCallan,2436
PC Connell,2437
IT Guha,2438
MDT Kamini,2439
PJ Ongondo,2440
AC Botha,2441
AO Suji,2442
K Weeraratne,2443
EP Thompson,2444
MR Gillespie,2445
Abdur Rauf,2446
EC Rainsford,2447
S Matsikenyeri,2448
KM Dabengwa,2449
SHT Kandamby,2450
DE Bernard,2451
Raqibul Hasan,2452
BL Morgan,2453
LJ Poulton,2454
RL Bhudia,2455
JM How,2456
HMCM Bandara,2457
CK Langeveldt,2458
SI Mahmood,2459
F de Wet,2460
Danish Kaneria,2461
NT Paranavitana,2462
SM Warnapura,2463
U Bhatti,2464
E Katchay,2465
S Dhaniram,2466
Dawlat Ahmadzai,2467
Hasti Gul,2468
Khaliq Dad,2469
Kamran Khan,2470
T Henderson,2471
AM Salvi,2472
RR Bose,2473
Shoaib Ahmed,2474
K Goel,2475
WA Mota,2476
S Tyagi,2477
AS Raut,2478
D du Preez,2479
LA Carseldine,2480
C Nanda,2481
SS Sarkar,2482
AM Rahane,2483
RA Shaikh,2484
Jaskaran Singh,2485
RA Austin,2486
NT Pascal,2487
RN Lewis,2488
GC Tonge,2489
DC Thomas,2490
DR Tuffey,2491
SE Bond,2492
AB Barath,2493
Imran Farhat,2494
G Dockrell,2495
Suhrawadi Shuvo,2496
GA Lamb,2497
MH Yardy,2498
CR Smith,2499
DP David,2500
PY Lavine,2501
AL Watkins,2502
A Uniyal,2503
RS Gavaskar,2504
JM Kemp,2505
SJ Srivastava,2506
C Ganapathy,2507
MB Parmar,2508
SB Wagh,2509
AP Dole,2510
FY Fazal,2511
L Ablish,2512
S Sriram,2513
ND Doshi,2514
C van der Westhuizen,2515
AE Smith,2516
SA Fritz,2517
CP Jack,2518
APC Kilowan,2519
AS Taai,2520
AJ McKay,2521
BJ Arnel,2522
MS Sinclair,2523
MJ Mason,2524
Faisal Hossain,2525
Yasir Hameed,2526
M Pushpakumara,2527
WD Balaji Rao,2528
JM Davison,2529
BRM Taylor,2530
BA Westdijk,2531
BP Loots,2532
TG Gordon,2533
BP Kruger,2534
Adeel Raja,2535
LJ Woodcock,2536
TM Dowlin,2537
BJ Bess,2538
GEF Barnett,2539
Arsalan Qadir,2540
RT Lyons,2541
MBS Jonkman,2542
Mohammad Kashif,2543
CK Hooper,2544
AM Blignaut,2545
GW Flower,2546
IA Nicolson,2547
PR George,2548
A van der Merwe,2549
MMA Jonkman,2550
KG Darlington,2551
H Ramaiya,2552
PM Ryan,2553
LM Paterlini,2554
DM Lord,2555
MJ Paterlini,2556
EA MacDermott,2557
HS Jayasena,2558
AM Northcote,2559
GJ Savage,2560
M Shrestha,2561
MO Bryan,2562
KF Bazil,2563
AL Casime,2564
A Gordon,2565
LJ Cush,2566
RS Abeywickrama,2567
SA Mohamed,2568
D Forrester,2569
KA Edwards,2570
S Chanderpaul,2571
A Mukund,2572
SN Pradhan,2573
M Manhas,2574
JJ van der Wath,2575
R Ninan,2576
I Malhotra,2577
B Chipli,2578
AA Kazi,2579
P Prasanth,2580
Y Gnaneswara Rao,2581
SS Mundhe,2582
TJ Heggelman,2583
MD Bates,2584
NE Bonner,2585
GW Aldridge,2586
N Ncube,2587
C Brits,2588
K Thomson,2589
SC Cook,2590
RAJ Smith,2591
C Peake,2592
Tanbir Hayder,2593
Kamrul Islam Rabbi,2594
Nazmul Hossain Shanto,2595
TD Andrews,2596
BJ Webster,2597
HTRY Thornton,2598
KR Smith,2599
PS Masvaure,2600
Babar Hayat,2601
Mosharraf Hossain,2602
CG Steenstra Toussaint,2603
D Massil,2604
S Waskar,2605
SRM Arachichige,2606
E Kahamker,2607
R Schachat,2608
J Evans,2609
Y Razpurker,2610
S Suarez,2611
K Mirpuri,2612
SA Chipolina,2613
KJ Ferrary,2614
MJ Ansell,2615
A van den Berg,2616
K Cawte,2617
DJ Hawke,2618
S Mills,2619
Khaled Khan,2620
Mudassar Muhammad,2621
ME Latif,2622
N White,2623
IDM Latin,2624
Tanveer Iqbal,2625
Talat Nadeem,2626
Zumika Azmi,2627
Sasha Azmi,2628
Kashish Agarwal,2629
T Sen,2630
Samantha Singham,2631
Mahirah Izzati Ismail,2632
DM Gondaria,2633
Muhammad Abbasi,2634
Roheel Shamus,2635
Muzaffar Mujeed,2636
Waqas Akram,2637
Mujeeb-ur-Rehman,2638
Mohammed Irfan (2),2639
HB Kayondo,2640
Abdalah Lubega,2641
BA Langston,2642
H Karunaratne,2643
GP Meade,2644
MMBRSTC Wanigaratne,2645
C Outerbridge,2646
GH Maybury,2647
AAA Amsterdam,2648
BBJL Perera,2649
ZH Cheema,2650
P Nair,2651
J Smith,2652
BJ Hall,2653
R Matsumura,2654
MM Siddique,2655
K Wakita,2656
Zhang Yu Fei,2657
Wang Zihao,2658
Feng Yu,2659
Pu Xianliang,2660
Song Yulin,2661
Xu Hao,2662
Han Junhui,2663
Preeti Bose,2664
Atif Ali Khan,2665
Muhammed Shanil,2666
M Shehani,2667
SK Yadav,2668
DP Vaidya,2669
Ghulam Fatima,2670
H Philip,2671
Sanjida Islam,2672
T Ruma,2673
A Sibanda,2674
Suraiya Azmin,2675
S Saenya,2676
MF Kendal,2677
MS Kasprowicz,2678
JN Gillespie,2679
D Gough,2680
J Lewis,2681
CL Cairns,2682
JW Wilson,2683
AR Adams,2684
NJ Astle,2685
N Boje,2686
D Langford-Smith,2687
PJK Mooney,2688
G Chapple,2689
JWM Dalrymple,2690
IR Bell,2691
PDRL Perera,2692
AGR Loudon,2693
Kabir Ali,2694
VS Solanki,2695
GJP Kruger,2696
AJ Hall,2697
ML Lewis,2698
BR Dorey,2699
WCA Ganegama,2700
RP Arnold,2701
Arshad Khan,2702
IDR Bradshaw,2703
DK Butler,2704
KHRK Fernando,2705
Khaled Mahmud,2706
Mohammad Rafique,2707
Tapash Baisya,2708
Manjural Islam Rana,2709
DJ Cullen,2710
Tushar Imran,2711
Rajin Saleh,2712
WW Hinds,2713
ID Blackwell,2714
MJ Hoggard,2715
R Telemachus,2716
NB Mahwire,2717
RS Higgins,2718
GM Strydom,2719
CD Collymore,2720
D Mohammed,2721
AJ Ireland,2722
HP Rinke,2723
PJC Hoffmann,2724
DR Brown,2725
KAD Hurdle,2726
S Mukuddem,2727
DCC Borden,2728
LOB Cann,2729
GB Brent,2730
WF Stelling,2731
DJ Reekers,2732
TBM de Leede,2733
LP van Troost,2734
AC Cummins,2735
AM Samad,2736
GR Codrington,2737
DL Hemp,2738
CD McMillan,2739
Mohammad Yousuf,2740
KT Sandher,2741
MP Vaughan,2742
KED Carroll,2743
D Mongia,2744
JS Ababu,2745
AG Prince,2746
L Vincent,2747
S Thuraisingam,2748
RD Steede,2749
H Durham,2750
ML Nkala,2751
ADJ Pitcher,2752
A Codrington,2753
T Taibu,2754
CP Schofield,2755
RJ Kirtley,2756
G Wijekoon,2757
JN Snape,2758
DL Maddy,2759
AA Noffke,2760
MKDI Amerasinghe,2761
RK Whelan,2762
MJ Fourie,2763
MS Tshabalala,2764
UDU Chandana,2765
HJC Mol,2766
J Patraj,2767
TC Bastiampillai,2768
A Shamshudeen,2769
Qaiser Ali,2770
AL Kandappah,2771
S Chattergoon,2772
PA Hitchcock,2773
GH Bodi,2774
AS Luseno,2775
KC Hodsoll,2776
AS Jaggernauth,2777
B Casson,2778
XM Marshall,2779
Sami Faridi,2780
TE Tucker,2781
SD Outerbridge,2782
C Zhuwao,2783
Samiullah Khan,2784
Misbah-ul-Haq,2785
Kamran Hussain,2786
Rizwan Ahmed,2787
VVS Laxman,2788
Zahid Shah,2789
Saqib Ali,2790
Arshad Ali,2791
Afzaal Haider,2792
Zain Abbas,2793
Skhawat Ali,2794
Aman Ali,2795
